Behavior,Number of Occurrences,Total Duration(s),Time to First Onset(s),Type,Unnamed: 5,Unnamed: 6,Unnamed: 7,Unnamed: 8,Unnamed: 9,Unnamed: 10
Odour1.1,17,19.2,101.2,,,,,,,
Odour1.2,10,17.3,307.9,,,,,,,Ignored 3.2 and 3.3
Odour1.3,1,2.6,553.4,,,,,,,
Eexample,0,0.0,0.0,,,,,,,
Fexample,0,0.0,0.0,,,,,,,
Gexample,0,0.0,0.0,,,,,,,
Hexample,0,0.0,0.0,,,,,,,
Iexample,0,0.0,0.0,,,,,,,
Odour2.1,15,21.1,709.2,,,,,,,
Odour2.2,13,7.0,892.1,,,,,,,
Odour2.3,2,1.9,1112.4,,,,,,,
Mexample,0,0.0,0.0,,,,,,,
Nexample,0,0.0,0.0,,,,,,,
Oexample,0,0.0,0.0,,,,,,,
Pexample,0,0.0,0.0,,,,,,,
Qexample,0,0.0,0.0,,,,,,,
Odour3.1,10,12.3,1276.2,,,,,,,
Odour3.2,0,0.0,0.0,,,,,,,
Odour3.3,0,0.0,0.0,,,,,,,
Bexample,0,0.0,0.0,,,,,,,
Cexample,0,0.0,0.0,,,,,,,
Uexample,0,0.0,0.0,,,,,,,
Vexample,0,0.0,0.0,,,,,,,
Wexample,0,0.0,0.0,,,,,,,
Xexample,0,0.0,0.0,,,,,,,
Zexample,0,0.0,0.0,,,,,,,
Change,0,0.0,0.0,,,,,,,
Codes,0,0.0,0.0,,,,,,,
in,0,0.0,0.0,,,,,,,
Configfile,0,0.0,0.0,,,,,,,
