Behavior,Number of Occurrences,Total Duration(s),Time to First Onset(s),Type,Unnamed: 5,Unnamed: 6,Unnamed: 7,Unnamed: 8
Odour1.1,23,33.9,366.3,,,,,
Odour1.2,27,47.7,514.9,,,,,
Odour1.3,15,24.2,714.9,,,,,
Eexample,0,0.0,0.0,,,,,
Fexample,0,0.0,0.0,,,,,
Gexample,0,0.0,0.0,,,,,A bit hyperactive
Hexample,0,0.0,0.0,,,,,
Iexample,0,0.0,0.0,,,,,
Odour2.1,22,28.4,937.8,,,,,
Odour2.2,17,30.1,1103.8,,,,,
Odour2.3,7,5.0,1297.6,,,,,
Mexample,0,0.0,0.0,,,,,
Nexample,0,0.0,0.0,,,,,
Oexample,0,0.0,0.0,,,,,
Pexample,0,0.0,0.0,,,,,
Qexample,0,0.0,0.0,,,,,
Odour3.1,17,65.5,1509.2,,,,,
Odour3.2,10,33.6,1682.6,,,,,
Odour3.3,10,29.8,1863.2,,,,,
Bexample,0,0.0,0.0,,,,,
Cexample,0,0.0,0.0,,,,,
Uexample,0,0.0,0.0,,,,,
Vexample,0,0.0,0.0,,,,,
Wexample,0,0.0,0.0,,,,,
Xexample,0,0.0,0.0,,,,,
Zexample,0,0.0,0.0,,,,,
Change,0,0.0,0.0,,,,,
Codes,0,0.0,0.0,,,,,
in,0,0.0,0.0,,,,,
Configfile,0,0.0,0.0,,,,,
