Odour_presentation,Duration_sniffing,Source,Odour_type_presentation,Video_id,Genotype,Sex,Age,Filtered,Status
Odour1.1,14,Manual,Familiar1,1640082510404_000000_20211221FNWC9ORF41a,4,Female,15,No,1
Odour1.2,11.9,Manual,Familiar2,1640082510404_000000_20211221FNWC9ORF41a,4,Female,15,No,1
Odour1.3,1.9,Manual,Familiar3,1640082510404_000000_20211221FNWC9ORF41a,4,Female,15,No,1
Odour2.1,24.9,Manual,Novel1,1640082510404_000000_20211221FNWC9ORF41a,4,Female,15,No,1
Odour2.2,17.4,Manual,Novel2,1640082510404_000000_20211221FNWC9ORF41a,4,Female,15,No,1
Odour2.3,17.4,Manual,Novel3,1640082510404_000000_20211221FNWC9ORF41a,4,Female,15,No,1
Odour3.1,8.2,Manual,Water1,1640082510404_000000_20211221FNWC9ORF41a,4,Female,15,No,0
Odour3.2,3.2,Manual,Water2,1640082510404_000000_20211221FNWC9ORF41a,4,Female,15,No,0
Odour3.3,1.3,Manual,Water3,1640082510404_000000_20211221FNWC9ORF41a,4,Female,15,No,0
Odour1.1,23.5,Manual,Novel1,1640087167661_000000_20211221NFWC9ORF22g,4,Male,15,No,1
Odour1.2,11.6,Manual,Novel2,1640087167661_000000_20211221NFWC9ORF22g,4,Male,15,No,1
Odour1.3,5.7,Manual,Novel3,1640087167661_000000_20211221NFWC9ORF22g,4,Male,15,No,1
Odour2.1,43.4,Manual,Familiar1,1640087167661_000000_20211221NFWC9ORF22g,4,Male,15,No,1
Odour2.2,12.7,Manual,Familiar2,1640087167661_000000_20211221NFWC9ORF22g,4,Male,15,No,1
Odour2.3,7.3,Manual,Familiar3,1640087167661_000000_20211221NFWC9ORF22g,4,Male,15,No,1
Odour3.1,9.3,Manual,Water1,1640087167661_000000_20211221NFWC9ORF22g,4,Male,15,No,0
Odour3.2,9.1,Manual,Water2,1640087167661_000000_20211221NFWC9ORF22g,4,Male,15,No,0
Odour3.3,4.6,Manual,Water3,1640087167661_000000_20211221NFWC9ORF22g,4,Male,15,No,0
Odour1.1,20.5,Manual,Novel1,1640087194969_000000_20211221NFWC9ORF22i,4,Male,15,No,1
Odour1.2,23.5,Manual,Novel2,1640087194969_000000_20211221NFWC9ORF22i,4,Male,15,No,1
Odour1.3,13.1,Manual,Novel3,1640087194969_000000_20211221NFWC9ORF22i,4,Male,15,No,1
Odour2.1,16.1,Manual,Familiar1,1640087194969_000000_20211221NFWC9ORF22i,4,Male,15,No,1
Odour2.2,4.5,Manual,Familiar2,1640087194969_000000_20211221NFWC9ORF22i,4,Male,15,No,1
Odour2.3,1.8,Manual,Familiar3,1640087194969_000000_20211221NFWC9ORF22i,4,Male,15,No,1
Odour3.1,26.5,Manual,Water1,1640087194969_000000_20211221NFWC9ORF22i,4,Male,15,No,1
Odour3.2,13.4,Manual,Water2,1640087194969_000000_20211221NFWC9ORF22i,4,Male,15,No,1
Odour3.3,6.3,Manual,Water3,1640087194969_000000_20211221NFWC9ORF22i,4,Male,15,No,1
Odour1.1,19.2,Manual,Familiar1,1640089388806_000000_20211221FNWC9ORF32e,2,Male,15,No,1
Odour1.2,17.3,Manual,Familiar2,1640089388806_000000_20211221FNWC9ORF32e,2,Male,15,No,1
Odour1.3,2.6,Manual,Familiar3,1640089388806_000000_20211221FNWC9ORF32e,2,Male,15,No,1
Odour2.1,21.1,Manual,Novel1,1640089388806_000000_20211221FNWC9ORF32e,2,Male,15,No,1
Odour2.2,7,Manual,Novel2,1640089388806_000000_20211221FNWC9ORF32e,2,Male,15,No,1
Odour2.3,1.9,Manual,Novel3,1640089388806_000000_20211221FNWC9ORF32e,2,Male,15,No,1
Odour3.1,12.3,Manual,Water1,1640089388806_000000_20211221FNWC9ORF32e,2,Male,15,No,1
Odour3.2,0,Manual,Water2,1640089388806_000000_20211221FNWC9ORF32e,2,Male,15,No,1
Odour3.3,0,Manual,Water3,1640089388806_000000_20211221FNWC9ORF32e,2,Male,15,No,1
Odour1.1,19.3,Manual,Novel1,1640168578369_000000_20211222NWFC9ORF31C,4,Female,15,No,1
Odour1.2,3.7,Manual,Novel2,1640168578369_000000_20211222NWFC9ORF31C,4,Female,15,No,1
Odour1.3,0,Manual,Novel3,1640168578369_000000_20211222NWFC9ORF31C,4,Female,15,No,1
Odour2.1,0,Manual,Water1,1640168578369_000000_20211222NWFC9ORF31C,4,Female,15,No,0
Odour2.2,14.9,Manual,Water2,1640168578369_000000_20211222NWFC9ORF31C,4,Female,15,No,0
Odour2.3,0,Manual,Water3,1640168578369_000000_20211222NWFC9ORF31C,4,Female,15,No,0
Odour3.1,5.1,Manual,Familiar1,1640168578369_000000_20211222NWFC9ORF31C,4,Female,15,No,0
Odour3.2,3.5,Manual,Familiar2,1640168578369_000000_20211222NWFC9ORF31C,4,Female,15,No,0
Odour3.3,0,Manual,Familiar3,1640168578369_000000_20211222NWFC9ORF31C,4,Female,15,No,0
Odour1.1,24.4,Manual,Novel1,1640170700852_000000_20211222NWFC9ORF31D,2,Female,15,No,1
Odour1.2,19.1,Manual,Novel2,1640170700852_000000_20211222NWFC9ORF31D,2,Female,15,No,1
Odour1.3,24.1,Manual,Novel3,1640170700852_000000_20211222NWFC9ORF31D,2,Female,15,No,1
Odour2.1,15.4,Manual,Water1,1640170700852_000000_20211222NWFC9ORF31D,2,Female,15,No,1
Odour2.2,6.2,Manual,Water2,1640170700852_000000_20211222NWFC9ORF31D,2,Female,15,No,1
Odour2.3,1.1,Manual,Water3,1640170700852_000000_20211222NWFC9ORF31D,2,Female,15,No,1
Odour3.1,27.5,Manual,Familiar1,1640170700852_000000_20211222NWFC9ORF31D,2,Female,15,No,1
Odour3.2,4.2,Manual,Familiar2,1640170700852_000000_20211222NWFC9ORF31D,2,Female,15,No,1
Odour3.3,4.1,Manual,Familiar3,1640170700852_000000_20211222NWFC9ORF31D,2,Female,15,No,1
Odour1.1,28.5,Manual,Novel1,1640170756532_000000_20211222NWFC9ORF42A,2,Female,15,No,1
Odour1.2,11.5,Manual,Novel2,1640170756532_000000_20211222NWFC9ORF42A,2,Female,15,No,1
Odour1.3,3.6,Manual,Novel3,1640170756532_000000_20211222NWFC9ORF42A,2,Female,15,No,1
Odour2.1,14.3,Manual,Water1,1640170756532_000000_20211222NWFC9ORF42A,2,Female,15,No,1
Odour2.2,1.4,Manual,Water2,1640170756532_000000_20211222NWFC9ORF42A,2,Female,15,No,1
Odour2.3,0,Manual,Water3,1640170756532_000000_20211222NWFC9ORF42A,2,Female,15,No,1
Odour3.1,14.2,Manual,Familiar1,1640170756532_000000_20211222NWFC9ORF42A,2,Female,15,No,1
Odour3.2,0,Manual,Familiar2,1640170756532_000000_20211222NWFC9ORF42A,2,Female,15,No,1
Odour3.3,0,Manual,Familiar3,1640170756532_000000_20211222NWFC9ORF42A,2,Female,15,No,1
Odour1.1,43.6,Manual,Novel1,1640176217569_000000_20211222NFWC9ORF14E,2,Male,15,No,1
Odour1.2,38.7,Manual,Novel2,1640176217569_000000_20211222NFWC9ORF14E,2,Male,15,No,1
Odour1.3,0,Manual,Novel3,1640176217569_000000_20211222NFWC9ORF14E,2,Male,15,No,1
Odour2.1,0,Manual,Familiar1,1640176217569_000000_20211222NFWC9ORF14E,2,Male,15,No,0
Odour2.2,0,Manual,Familiar2,1640176217569_000000_20211222NFWC9ORF14E,2,Male,15,No,0
Odour2.3,0,Manual,Familiar3,1640176217569_000000_20211222NFWC9ORF14E,2,Male,15,No,0
Odour3.1,12.2,Manual,Water1,1640176217569_000000_20211222NFWC9ORF14E,2,Male,15,No,1
Odour3.2,13.1,Manual,Water2,1640176217569_000000_20211222NFWC9ORF14E,2,Male,15,No,1
Odour3.3,13.9,Manual,Water3,1640176217569_000000_20211222NFWC9ORF14E,2,Male,15,No,1
Odour1.1,20.8,Manual,Water1,1640178362672_000000_20211222WFNC9ORF32D,4,Male,15,No,1
Odour1.2,22.1,Manual,Water2,1640178362672_000000_20211222WFNC9ORF32D,4,Male,15,No,1
Odour1.3,11.6,Manual,Water3,1640178362672_000000_20211222WFNC9ORF32D,4,Male,15,No,1
Odour2.1,21.4,Manual,Familiar1,1640178362672_000000_20211222WFNC9ORF32D,4,Male,15,No,1
Odour2.2,11.1,Manual,Familiar2,1640178362672_000000_20211222WFNC9ORF32D,4,Male,15,No,1
Odour2.3,8.1,Manual,Familiar3,1640178362672_000000_20211222WFNC9ORF32D,4,Male,15,No,1
Odour3.1,25.8,Manual,Novel1,1640178362672_000000_20211222WFNC9ORF32D,4,Male,15,No,1
Odour3.2,9.5,Manual,Novel2,1640178362672_000000_20211222WFNC9ORF32D,4,Male,15,No,1
Odour3.3,0,Manual,Novel3,1640178362672_000000_20211222WFNC9ORF32D,4,Male,15,No,1
Odour1.1,20.2,Manual,Water1,1640178404117_000000_20211222WFNC9ORF51C,4,Male,15,No,1
Odour1.2,14.9,Manual,Water2,1640178404117_000000_20211222WFNC9ORF51C,4,Male,15,No,1
Odour1.3,3.1,Manual,Water3,1640178404117_000000_20211222WFNC9ORF51C,4,Male,15,No,1
Odour2.1,26.4,Manual,Familiar1,1640178404117_000000_20211222WFNC9ORF51C,4,Male,15,No,1
Odour2.2,19.2,Manual,Familiar2,1640178404117_000000_20211222WFNC9ORF51C,4,Male,15,No,1
Odour2.3,19.2,Manual,Familiar3,1640178404117_000000_20211222WFNC9ORF51C,4,Male,15,No,1
Odour3.1,30.9,Manual,Novel1,1640178404117_000000_20211222WFNC9ORF51C,4,Male,15,No,1
Odour3.2,10.5,Manual,Novel2,1640178404117_000000_20211222WFNC9ORF51C,4,Male,15,No,1
Odour3.3,0,Manual,Novel3,1640178404117_000000_20211222WFNC9ORF51C,4,Male,15,No,1
Odour1.1,53.2,Manual,Novel1,1643710387214_000000_20220201NWFC9ORF61c,2,Male,15,No,1
Odour1.2,26.1,Manual,Novel2,1643710387214_000000_20220201NWFC9ORF61c,2,Male,15,No,1
Odour1.3,36,Manual,Novel3,1643710387214_000000_20220201NWFC9ORF61c,2,Male,15,No,1
Odour2.1,38.5,Manual,Water1,1643710387214_000000_20220201NWFC9ORF61c,2,Male,15,No,1
Odour2.2,12.3,Manual,Water2,1643710387214_000000_20220201NWFC9ORF61c,2,Male,15,No,1
Odour2.3,12.8,Manual,Water3,1643710387214_000000_20220201NWFC9ORF61c,2,Male,15,No,1
Odour3.1,11.6,Manual,Familiar1,1643710387214_000000_20220201NWFC9ORF61c,2,Male,15,No,1
Odour3.2,10,Manual,Familiar2,1643710387214_000000_20220201NWFC9ORF61c,2,Male,15,No,1
Odour3.3,10.9,Manual,Familiar3,1643710387214_000000_20220201NWFC9ORF61c,2,Male,15,No,1
Odour1.1,27.7,Manual,Novel1,1643710413634_000000_20220201NWFC9ORF62f,2,Male,15,No,1
Odour1.2,14.3,Manual,Novel2,1643710413634_000000_20220201NWFC9ORF62f,2,Male,15,No,1
Odour1.3,4.2,Manual,Novel3,1643710413634_000000_20220201NWFC9ORF62f,2,Male,15,No,1
Odour2.1,45.5,Manual,Water1,1643710413634_000000_20220201NWFC9ORF62f,2,Male,15,No,1
Odour2.2,19.9,Manual,Water2,1643710413634_000000_20220201NWFC9ORF62f,2,Male,15,No,1
Odour2.3,40.9,Manual,Water3,1643710413634_000000_20220201NWFC9ORF62f,2,Male,15,No,1
Odour3.1,23.5,Manual,Familiar1,1643710413634_000000_20220201NWFC9ORF62f,2,Male,15,No,1
Odour3.2,27.4,Manual,Familiar2,1643710413634_000000_20220201NWFC9ORF62f,2,Male,15,No,1
Odour3.3,15.9,Manual,Familiar3,1643710413634_000000_20220201NWFC9ORF62f,2,Male,15,No,1
Odour1.1,0,Manual,Familiar1,1643710473231_000000_20220201FNWC9ORF41b,4,Female,15,No,0
Odour1.2,0,Manual,Familiar2,1643710473231_000000_20220201FNWC9ORF41b,4,Female,15,No,0
Odour1.3,17.5,Manual,Familiar3,1643710473231_000000_20220201FNWC9ORF41b,4,Female,15,No,0
Odour2.1,18.8,Manual,Novel1,1643710473231_000000_20220201FNWC9ORF41b,4,Female,15,No,1
Odour2.2,4.4,Manual,Novel2,1643710473231_000000_20220201FNWC9ORF41b,4,Female,15,No,1
Odour2.3,1.1,Manual,Novel3,1643710473231_000000_20220201FNWC9ORF41b,4,Female,15,No,1
Odour3.1,4.7,Manual,Water1,1643710473231_000000_20220201FNWC9ORF41b,4,Female,15,No,0
Odour3.2,0,Manual,Water2,1643710473231_000000_20220201FNWC9ORF41b,4,Female,15,No,0
Odour3.3,0,Manual,Water3,1643710473231_000000_20220201FNWC9ORF41b,4,Female,15,No,0
Odour1.1,29.4,Manual,Familiar1,1643715065534_000000_20220201FNWC9ORF62c,2,Female,15,No,1
Odour1.2,4.2,Manual,Familiar2,1643715065534_000000_20220201FNWC9ORF62c,2,Female,15,No,1
Odour1.3,4.7,Manual,Familiar3,1643715065534_000000_20220201FNWC9ORF62c,2,Female,15,No,1
Odour2.1,5.8,Manual,Novel1,1643715065534_000000_20220201FNWC9ORF62c,2,Female,15,No,0
Odour2.2,13,Manual,Novel2,1643715065534_000000_20220201FNWC9ORF62c,2,Female,15,No,0
Odour2.3,0,Manual,Novel3,1643715065534_000000_20220201FNWC9ORF62c,2,Female,15,No,0
Odour3.1,9,Manual,Water1,1643715065534_000000_20220201FNWC9ORF62c,2,Female,15,No,0
Odour3.2,0,Manual,Water2,1643715065534_000000_20220201FNWC9ORF62c,2,Female,15,No,0
Odour3.3,0,Manual,Water3,1643715065534_000000_20220201FNWC9ORF62c,2,Female,15,No,0
Odour1.1,28.8,Manual,Familiar1,1643715125135_000000_20220201FNWC9ORF81b,2,Female,15,No,1
Odour1.2,28.6,Manual,Familiar2,1643715125135_000000_20220201FNWC9ORF81b,2,Female,15,No,1
Odour1.3,10.2,Manual,Familiar3,1643715125135_000000_20220201FNWC9ORF81b,2,Female,15,No,1
Odour2.1,18.8,Manual,Novel1,1643715125135_000000_20220201FNWC9ORF81b,2,Female,15,No,1
Odour2.2,26.6,Manual,Novel2,1643715125135_000000_20220201FNWC9ORF81b,2,Female,15,No,1
Odour2.3,16,Manual,Novel3,1643715125135_000000_20220201FNWC9ORF81b,2,Female,15,No,1
Odour3.1,16.7,Manual,Water1,1643715125135_000000_20220201FNWC9ORF81b,2,Female,15,No,1
Odour3.2,0,Manual,Water2,1643715125135_000000_20220201FNWC9ORF81b,2,Female,15,No,1
Odour3.3,0.8,Manual,Water3,1643715125135_000000_20220201FNWC9ORF81b,2,Female,15,No,1
Odour1.1,33.4,Manual,Novel1,1643715240372_000000_20220201NFWC9ORF72c,4,Male,15,No,1
Odour1.2,8.6,Manual,Novel2,1643715240372_000000_20220201NFWC9ORF72c,4,Male,15,No,1
Odour1.3,3.3,Manual,Novel3,1643715240372_000000_20220201NFWC9ORF72c,4,Male,15,No,1
Odour2.1,3.7,Manual,Familiar1,1643715240372_000000_20220201NFWC9ORF72c,4,Male,15,No,0
Odour2.2,0,Manual,Familiar2,1643715240372_000000_20220201NFWC9ORF72c,4,Male,15,No,0
Odour2.3,0,Manual,Familiar3,1643715240372_000000_20220201NFWC9ORF72c,4,Male,15,No,0
Odour3.1,17.5,Manual,Water1,1643715240372_000000_20220201NFWC9ORF72c,4,Male,15,No,1
Odour3.2,0,Manual,Water2,1643715240372_000000_20220201NFWC9ORF72c,4,Male,15,No,1
Odour3.3,0,Manual,Water3,1643715240372_000000_20220201NFWC9ORF72c,4,Male,15,No,1
Odour1.1,26.3,Manual,Novel1,1643715268189_000000_20220201NFWC9ORF72e,4,Male,15,No,1
Odour1.2,3.8,Manual,Novel2,1643715268189_000000_20220201NFWC9ORF72e,4,Male,15,No,1
Odour1.3,7.2,Manual,Novel3,1643715268189_000000_20220201NFWC9ORF72e,4,Male,15,No,1
Odour2.1,7.2,Manual,Familiar1,1643715268189_000000_20220201NFWC9ORF72e,4,Male,15,No,0
Odour2.2,5.2,Manual,Familiar2,1643715268189_000000_20220201NFWC9ORF72e,4,Male,15,No,0
Odour2.3,0.6,Manual,Familiar3,1643715268189_000000_20220201NFWC9ORF72e,4,Male,15,No,0
Odour3.1,19.1,Manual,Water1,1643715268189_000000_20220201NFWC9ORF72e,4,Male,15,No,1
Odour3.2,3.7,Manual,Water2,1643715268189_000000_20220201NFWC9ORF72e,4,Male,15,No,1
Odour3.3,0.5,Manual,Water3,1643715268189_000000_20220201NFWC9ORF72e,4,Male,15,No,1
Odour1.1,20.4,Manual,Novel1,1643715291621_000000_20220201NFWC9ORF72g,4,Male,15,No,1
Odour1.2,35.1,Manual,Novel2,1643715291621_000000_20220201NFWC9ORF72g,4,Male,15,No,1
Odour1.3,14.9,Manual,Novel3,1643715291621_000000_20220201NFWC9ORF72g,4,Male,15,No,1
Odour2.1,14.2,Manual,Familiar1,1643715291621_000000_20220201NFWC9ORF72g,4,Male,15,No,1
Odour2.2,14.5,Manual,Familiar2,1643715291621_000000_20220201NFWC9ORF72g,4,Male,15,No,1
Odour2.3,10.1,Manual,Familiar3,1643715291621_000000_20220201NFWC9ORF72g,4,Male,15,No,1
Odour3.1,13.8,Manual,Water1,1643715291621_000000_20220201NFWC9ORF72g,4,Male,15,No,1
Odour3.2,2.8,Manual,Water2,1643715291621_000000_20220201NFWC9ORF72g,4,Male,15,No,1
Odour3.3,3.8,Manual,Water3,1643715291621_000000_20220201NFWC9ORF72g,4,Male,15,No,1
Odour1.1,6.7,Manual,Water1,1643794722468_000000_20220202WFNC9ORF71d,2,Female,15,No,0
Odour1.2,0,Manual,Water2,1643794722468_000000_20220202WFNC9ORF71d,2,Female,15,No,0
Odour1.3,0,Manual,Water3,1643794722468_000000_20220202WFNC9ORF71d,2,Female,15,No,0
Odour2.1,38.1,Manual,Familiar1,1643794722468_000000_20220202WFNC9ORF71d,2,Female,15,No,1
Odour2.2,0.2,Manual,Familiar2,1643794722468_000000_20220202WFNC9ORF71d,2,Female,15,No,1
Odour2.3,18,Manual,Familiar3,1643794722468_000000_20220202WFNC9ORF71d,2,Female,15,No,1
Odour3.1,0,Manual,Novel1,1643794722468_000000_20220202WFNC9ORF71d,2,Female,15,No,0
Odour3.2,10.5,Manual,Novel2,1643794722468_000000_20220202WFNC9ORF71d,2,Female,15,No,0
Odour3.3,15.5,Manual,Novel3,1643794722468_000000_20220202WFNC9ORF71d,2,Female,15,No,0
Odour1.1,14.4,Manual,Water1,1643794787463_000000_20220202WFNC9ORF42a,4,Male,15,No,1
Odour1.2,3,Manual,Water2,1643794787463_000000_20220202WFNC9ORF42a,4,Male,15,No,1
Odour1.3,2.4,Manual,Water3,1643794787463_000000_20220202WFNC9ORF42a,4,Male,15,No,1
Odour2.1,22.5,Manual,Familiar1,1643794787463_000000_20220202WFNC9ORF42a,4,Male,15,No,1
Odour2.2,15.6,Manual,Familiar2,1643794787463_000000_20220202WFNC9ORF42a,4,Male,15,No,1
Odour2.3,9.8,Manual,Familiar3,1643794787463_000000_20220202WFNC9ORF42a,4,Male,15,No,1
Odour3.1,44,Manual,Novel1,1643794787463_000000_20220202WFNC9ORF42a,4,Male,15,No,1
Odour3.2,20.2,Manual,Novel2,1643794787463_000000_20220202WFNC9ORF42a,4,Male,15,No,1
Odour3.3,8.1,Manual,Novel3,1643794787463_000000_20220202WFNC9ORF42a,4,Male,15,No,1
Odour1.1,12.9,Manual,Water1,1643794843840_000000_20220202WFNC9ORF62c,4,Male,15,No,1
Odour1.2,18.3,Manual,Water2,1643794843840_000000_20220202WFNC9ORF62c,4,Male,15,No,1
Odour1.3,1.9,Manual,Water3,1643794843840_000000_20220202WFNC9ORF62c,4,Male,15,No,1
Odour2.1,15.1,Manual,Familiar1,1643794843840_000000_20220202WFNC9ORF62c,4,Male,15,No,1
Odour2.2,13.9,Manual,Familiar2,1643794843840_000000_20220202WFNC9ORF62c,4,Male,15,No,1
Odour2.3,0.5,Manual,Familiar3,1643794843840_000000_20220202WFNC9ORF62c,4,Male,15,No,1
Odour3.1,25.4,Manual,Novel1,1643794843840_000000_20220202WFNC9ORF62c,4,Male,15,No,1
Odour3.2,21.5,Manual,Novel2,1643794843840_000000_20220202WFNC9ORF62c,4,Male,15,No,1
Odour3.3,11.5,Manual,Novel3,1643794843840_000000_20220202WFNC9ORF62c,4,Male,15,No,1
Odour1.1,28.1,Manual,Novel1,1643797213673_000000_20220202NWFC9ORF61f,2,Male,15,No,1
Odour1.2,7.3,Manual,Novel2,1643797213673_000000_20220202NWFC9ORF61f,2,Male,15,No,1
Odour1.3,5.3,Manual,Novel3,1643797213673_000000_20220202NWFC9ORF61f,2,Male,15,No,1
Odour2.1,8.7,Manual,Water1,1643797213673_000000_20220202NWFC9ORF61f,2,Male,15,No,0
Odour2.2,2,Manual,Water2,1643797213673_000000_20220202NWFC9ORF61f,2,Male,15,No,0
Odour2.3,0,Manual,Water3,1643797213673_000000_20220202NWFC9ORF61f,2,Male,15,No,0
Odour3.1,22.1,Manual,Familiar1,1643797213673_000000_20220202NWFC9ORF61f,2,Male,15,No,1
Odour3.2,2.5,Manual,Familiar2,1643797213673_000000_20220202NWFC9ORF61f,2,Male,15,No,1
Odour3.3,0,Manual,Familiar3,1643797213673_000000_20220202NWFC9ORF61f,2,Male,15,No,1
Odour1.1,29.4,Manual,Novel1,1643797340651_000000_20220202NWFC9ORF72h,2,Male,15,No,1
Odour1.2,9.3,Manual,Novel2,1643797340651_000000_20220202NWFC9ORF72h,2,Male,15,No,1
Odour1.3,2.3,Manual,Novel3,1643797340651_000000_20220202NWFC9ORF72h,2,Male,15,No,1
Odour2.1,7.5,Manual,Water1,1643797340651_000000_20220202NWFC9ORF72h,2,Male,15,No,0
Odour2.2,2.1,Manual,Water2,1643797340651_000000_20220202NWFC9ORF72h,2,Male,15,No,0
Odour2.3,3.5,Manual,Water3,1643797340651_000000_20220202NWFC9ORF72h,2,Male,15,No,0
Odour3.1,31.6,Manual,Familiar1,1643797340651_000000_20220202NWFC9ORF72h,2,Male,15,No,1
Odour3.2,13.6,Manual,Familiar2,1643797340651_000000_20220202NWFC9ORF72h,2,Male,15,No,1
Odour3.3,13.5,Manual,Familiar3,1643797340651_000000_20220202NWFC9ORF72h,2,Male,15,No,1
Odour1.1,22.3,Manual,Novel1,1643797455410_000000_20220202NFWC9ORF61a,4,Female,15,No,1
Odour1.2,8.1,Manual,Novel2,1643797455410_000000_20220202NFWC9ORF61a,4,Female,15,No,1
Odour1.3,10.3,Manual,Novel3,1643797455410_000000_20220202NFWC9ORF61a,4,Female,15,No,1
Odour2.1,14.8,Manual,Familiar1,1643797455410_000000_20220202NFWC9ORF61a,4,Female,15,No,1
Odour2.2,0,Manual,Familiar2,1643797455410_000000_20220202NFWC9ORF61a,4,Female,15,No,1
Odour2.3,7.4,Manual,Familiar3,1643797455410_000000_20220202NFWC9ORF61a,4,Female,15,No,1
Odour3.1,10.4,Manual,Water1,1643797455410_000000_20220202NFWC9ORF61a,4,Female,15,No,1
Odour3.2,4,Manual,Water2,1643797455410_000000_20220202NFWC9ORF61a,4,Female,15,No,1
Odour3.3,2,Manual,Water3,1643797455410_000000_20220202NFWC9ORF61a,4,Female,15,No,1
Odour1.1,33.2,Manual,Novel1,1643797482579_000000_20220202NFWC9ORF62a,4,Female,15,No,1
Odour1.2,17.7,Manual,Novel2,1643797482579_000000_20220202NFWC9ORF62a,4,Female,15,No,1
Odour1.3,14,Manual,Novel3,1643797482579_000000_20220202NFWC9ORF62a,4,Female,15,No,1
Odour2.1,12.5,Manual,Familiar1,1643797482579_000000_20220202NFWC9ORF62a,4,Female,15,No,1
Odour2.2,9.2,Manual,Familiar2,1643797482579_000000_20220202NFWC9ORF62a,4,Female,15,No,1
Odour2.3,5.3,Manual,Familiar3,1643797482579_000000_20220202NFWC9ORF62a,4,Female,15,No,1
Odour3.1,12,Manual,Water1,1643797482579_000000_20220202NFWC9ORF62a,4,Female,15,No,1
Odour3.2,9.2,Manual,Water2,1643797482579_000000_20220202NFWC9ORF62a,4,Female,15,No,1
Odour3.3,8.3,Manual,Water3,1643797482579_000000_20220202NFWC9ORF62a,4,Female,15,No,1
Odour1.1,23.6,Manual,Water1,1640080226289_000000_20211221WFNC9ORF22d,2,Female,15,No,1
Odour1.2,3.3,Manual,Water2,1640080226289_000000_20211221WFNC9ORF22d,2,Female,15,No,1
Odour1.3,4.1,Manual,Water3,1640080226289_000000_20211221WFNC9ORF22d,2,Female,15,No,1
Odour2.1,35.3,Manual,Familiar1,1640080226289_000000_20211221WFNC9ORF22d,2,Female,15,No,1
Odour2.2,9.1,Manual,Familiar2,1640080226289_000000_20211221WFNC9ORF22d,2,Female,15,No,1
Odour2.3,4,Manual,Familiar3,1640080226289_000000_20211221WFNC9ORF22d,2,Female,15,No,1
Odour3.1,18.2,Manual,Novel1,1640080226289_000000_20211221WFNC9ORF22d,2,Female,15,No,1
Odour3.2,12.1,Manual,Novel2,1640080226289_000000_20211221WFNC9ORF22d,2,Female,15,No,1
Odour3.3,10.2,Manual,Novel3,1640080226289_000000_20211221WFNC9ORF22d,2,Female,15,No,1
Odour1.1,19.6,Manual,Water1,1640080258516_000000_20211221WFNC9ORF13c,2,Female,15,No,1
Odour1.2,4.6,Manual,Water2,1640080258516_000000_20211221WFNC9ORF13c,2,Female,15,No,1
Odour1.3,8.4,Manual,Water3,1640080258516_000000_20211221WFNC9ORF13c,2,Female,15,No,1
Odour2.1,31.6,Manual,Familiar1,1640080258516_000000_20211221WFNC9ORF13c,2,Female,15,No,1
Odour2.2,22.1,Manual,Familiar2,1640080258516_000000_20211221WFNC9ORF13c,2,Female,15,No,1
Odour2.3,19.4,Manual,Familiar3,1640080258516_000000_20211221WFNC9ORF13c,2,Female,15,No,1
Odour3.1,25,Manual,Novel1,1640080258516_000000_20211221WFNC9ORF13c,2,Female,15,No,1
Odour3.2,12.5,Manual,Novel2,1640080258516_000000_20211221WFNC9ORF13c,2,Female,15,No,1
Odour3.3,17.2,Manual,Novel3,1640080258516_000000_20211221WFNC9ORF13c,2,Female,15,No,1
Odour1.1,8.7,Manual,Water1,1640080293769_000000_20211221WFNC9ORF31f,2,Female,15,No,0
Odour1.2,0,Manual,Water2,1640080293769_000000_20211221WFNC9ORF31f,2,Female,15,No,0
Odour1.3,2.9,Manual,Water3,1640080293769_000000_20211221WFNC9ORF31f,2,Female,15,No,0
Odour2.1,21.3,Manual,Familiar1,1640080293769_000000_20211221WFNC9ORF31f,2,Female,15,No,1
Odour2.2,25.4,Manual,Familiar2,1640080293769_000000_20211221WFNC9ORF31f,2,Female,15,No,1
Odour2.3,6.1,Manual,Familiar3,1640080293769_000000_20211221WFNC9ORF31f,2,Female,15,No,1
Odour3.1,11.5,Manual,Novel1,1640080293769_000000_20211221WFNC9ORF31f,2,Female,15,No,1
Odour3.2,14.3,Manual,Novel2,1640080293769_000000_20211221WFNC9ORF31f,2,Female,15,No,1
Odour3.3,15.4,Manual,Novel3,1640080293769_000000_20211221WFNC9ORF31f,2,Female,15,No,1
Odour1.1,19.96,ML,Water1,1640080226289_000000_20211221WFNC9ORF22d,2,Female,15,No,1
Odour1.2,0.6,ML,Water2,1640080226289_000000_20211221WFNC9ORF22d,2,Female,15,No,1
Odour1.3,5.04,ML,Water3,1640080226289_000000_20211221WFNC9ORF22d,2,Female,15,No,1
Odour2.1,41.24,ML,Familiar1,1640080226289_000000_20211221WFNC9ORF22d,2,Female,15,No,1
Odour2.2,13.2,ML,Familiar2,1640080226289_000000_20211221WFNC9ORF22d,2,Female,15,No,1
Odour2.3,7.08,ML,Familiar3,1640080226289_000000_20211221WFNC9ORF22d,2,Female,15,No,1
Odour3.1,20,ML,Novel1,1640080226289_000000_20211221WFNC9ORF22d,2,Female,15,No,1
Odour3.2,15.12,ML,Novel2,1640080226289_000000_20211221WFNC9ORF22d,2,Female,15,No,1
Odour3.3,11.88,ML,Novel3,1640080226289_000000_20211221WFNC9ORF22d,2,Female,15,No,1
Odour1.1,31.96,ML,Water1,1640080258516_000000_20211221WFNC9ORF13c,2,Female,15,No,1
Odour1.2,5.4,ML,Water2,1640080258516_000000_20211221WFNC9ORF13c,2,Female,15,No,1
Odour1.3,15.44,ML,Water3,1640080258516_000000_20211221WFNC9ORF13c,2,Female,15,No,1
Odour2.1,33.48,ML,Familiar1,1640080258516_000000_20211221WFNC9ORF13c,2,Female,15,No,1
Odour2.2,28.68,ML,Familiar2,1640080258516_000000_20211221WFNC9ORF13c,2,Female,15,No,1
Odour2.3,30.28,ML,Familiar3,1640080258516_000000_20211221WFNC9ORF13c,2,Female,15,No,1
Odour3.1,27.92,ML,Novel1,1640080258516_000000_20211221WFNC9ORF13c,2,Female,15,No,1
Odour3.2,19.4,ML,Novel2,1640080258516_000000_20211221WFNC9ORF13c,2,Female,15,No,1
Odour3.3,24.44,ML,Novel3,1640080258516_000000_20211221WFNC9ORF13c,2,Female,15,No,1
Odour1.1,13.92,ML,Water1,1640080293769_000000_20211221WFNC9ORF31f,2,Female,15,No,1
Odour1.2,0,ML,Water2,1640080293769_000000_20211221WFNC9ORF31f,2,Female,15,No,1
Odour1.3,3.92,ML,Water3,1640080293769_000000_20211221WFNC9ORF31f,2,Female,15,No,1
Odour2.1,31.48,ML,Familiar1,1640080293769_000000_20211221WFNC9ORF31f,2,Female,15,No,1
Odour2.2,33.96,ML,Familiar2,1640080293769_000000_20211221WFNC9ORF31f,2,Female,15,No,1
Odour2.3,6.68,ML,Familiar3,1640080293769_000000_20211221WFNC9ORF31f,2,Female,15,No,1
Odour3.1,6.2,ML,Novel1,1640080293769_000000_20211221WFNC9ORF31f,2,Female,15,No,0
Odour3.2,20.8,ML,Novel2,1640080293769_000000_20211221WFNC9ORF31f,2,Female,15,No,0
Odour3.3,27.56,ML,Novel3,1640080293769_000000_20211221WFNC9ORF31f,2,Female,15,No,0
Odour1.1,18.12,ML,Familiar1,1640082510404_000000_20211221FNWC9ORF41a,4,Female,15,No,1
Odour1.2,14.92,ML,Familiar2,1640082510404_000000_20211221FNWC9ORF41a,4,Female,15,No,1
Odour1.3,1.6,ML,Familiar3,1640082510404_000000_20211221FNWC9ORF41a,4,Female,15,No,1
Odour2.1,29.52,ML,Novel1,1640082510404_000000_20211221FNWC9ORF41a,4,Female,15,No,1
Odour2.2,17.6,ML,Novel2,1640082510404_000000_20211221FNWC9ORF41a,4,Female,15,No,1
Odour2.3,16.16,ML,Novel3,1640082510404_000000_20211221FNWC9ORF41a,4,Female,15,No,1
Odour3.1,11.16,ML,Water1,1640082510404_000000_20211221FNWC9ORF41a,4,Female,15,No,1
Odour3.2,2.04,ML,Water2,1640082510404_000000_20211221FNWC9ORF41a,4,Female,15,No,1
Odour3.3,0,ML,Water3,1640082510404_000000_20211221FNWC9ORF41a,4,Female,15,No,1
Odour1.1,16.6,ML,Novel1,1640087167661_000000_20211221NFWC9ORF22g,4,Male,15,No,1
Odour1.2,10.88,ML,Novel2,1640087167661_000000_20211221NFWC9ORF22g,4,Male,15,No,1
Odour1.3,5.52,ML,Novel3,1640087167661_000000_20211221NFWC9ORF22g,4,Male,15,No,1
Odour2.1,43.36,ML,Familiar1,1640087167661_000000_20211221NFWC9ORF22g,4,Male,15,No,1
Odour2.2,15.04,ML,Familiar2,1640087167661_000000_20211221NFWC9ORF22g,4,Male,15,No,1
Odour2.3,8.8,ML,Familiar3,1640087167661_000000_20211221NFWC9ORF22g,4,Male,15,No,1
Odour3.1,10.96,ML,Water1,1640087167661_000000_20211221NFWC9ORF22g,4,Male,15,No,1
Odour3.2,11.2,ML,Water2,1640087167661_000000_20211221NFWC9ORF22g,4,Male,15,No,1
Odour3.3,4.24,ML,Water3,1640087167661_000000_20211221NFWC9ORF22g,4,Male,15,No,1
Odour1.1,18.72,ML,Novel1,1640087194969_000000_20211221NFWC9ORF22i,4,Male,15,No,1
Odour1.2,24.08,ML,Novel2,1640087194969_000000_20211221NFWC9ORF22i,4,Male,15,No,1
Odour1.3,20.6,ML,Novel3,1640087194969_000000_20211221NFWC9ORF22i,4,Male,15,No,1
Odour2.1,19.08,ML,Familiar1,1640087194969_000000_20211221NFWC9ORF22i,4,Male,15,No,1
Odour2.2,5.84,ML,Familiar2,1640087194969_000000_20211221NFWC9ORF22i,4,Male,15,No,1
Odour2.3,3.04,ML,Familiar3,1640087194969_000000_20211221NFWC9ORF22i,4,Male,15,No,1
Odour3.1,24.24,ML,Water1,1640087194969_000000_20211221NFWC9ORF22i,4,Male,15,No,1
Odour3.2,15.04,ML,Water2,1640087194969_000000_20211221NFWC9ORF22i,4,Male,15,No,1
Odour3.3,8.4,ML,Water3,1640087194969_000000_20211221NFWC9ORF22i,4,Male,15,No,1
Odour1.1,16.44,ML,Familiar1,1640089388806_000000_20211221FNWC9ORF32e,2,Male,15,No,1
Odour1.2,18.44,ML,Familiar2,1640089388806_000000_20211221FNWC9ORF32e,2,Male,15,No,1
Odour1.3,12.88,ML,Familiar3,1640089388806_000000_20211221FNWC9ORF32e,2,Male,15,No,1
Odour2.1,20.08,ML,Novel1,1640089388806_000000_20211221FNWC9ORF32e,2,Male,15,No,1
Odour2.2,8.24,ML,Novel2,1640089388806_000000_20211221FNWC9ORF32e,2,Male,15,No,1
Odour2.3,1.8,ML,Novel3,1640089388806_000000_20211221FNWC9ORF32e,2,Male,15,No,1
Odour3.1,13.44,ML,Water1,1640089388806_000000_20211221FNWC9ORF32e,2,Male,15,No,1
Odour3.2,0,ML,Water2,1640089388806_000000_20211221FNWC9ORF32e,2,Male,15,No,1
Odour3.3,0,ML,Water3,1640089388806_000000_20211221FNWC9ORF32e,2,Male,15,No,1
Odour1.1,20.04,ML,Novel1,1640168578369_000000_20211222NWFC9ORF31C,4,Female,15,No,1
Odour1.2,3.84,ML,Novel2,1640168578369_000000_20211222NWFC9ORF31C,4,Female,15,No,1
Odour1.3,0,ML,Novel3,1640168578369_000000_20211222NWFC9ORF31C,4,Female,15,No,1
Odour2.1,0,ML,Water1,1640168578369_000000_20211222NWFC9ORF31C,4,Female,15,No,0
Odour2.2,13.48,ML,Water2,1640168578369_000000_20211222NWFC9ORF31C,4,Female,15,No,0
Odour2.3,0,ML,Water3,1640168578369_000000_20211222NWFC9ORF31C,4,Female,15,No,0
Odour3.1,6.76,ML,Familiar1,1640168578369_000000_20211222NWFC9ORF31C,4,Female,15,No,0
Odour3.2,4.08,ML,Familiar2,1640168578369_000000_20211222NWFC9ORF31C,4,Female,15,No,0
Odour3.3,0,ML,Familiar3,1640168578369_000000_20211222NWFC9ORF31C,4,Female,15,No,0
Odour1.1,27.72,ML,Novel1,1640170700852_000000_20211222NWFC9ORF31D,2,Female,15,No,1
Odour1.2,15.28,ML,Novel2,1640170700852_000000_20211222NWFC9ORF31D,2,Female,15,No,1
Odour1.3,29.2,ML,Novel3,1640170700852_000000_20211222NWFC9ORF31D,2,Female,15,No,1
Odour2.1,15.28,ML,Water1,1640170700852_000000_20211222NWFC9ORF31D,2,Female,15,No,1
Odour2.2,7.04,ML,Water2,1640170700852_000000_20211222NWFC9ORF31D,2,Female,15,No,1
Odour2.3,1.12,ML,Water3,1640170700852_000000_20211222NWFC9ORF31D,2,Female,15,No,1
Odour3.1,29.4,ML,Familiar1,1640170700852_000000_20211222NWFC9ORF31D,2,Female,15,No,1
Odour3.2,5.24,ML,Familiar2,1640170700852_000000_20211222NWFC9ORF31D,2,Female,15,No,1
Odour3.3,6.56,ML,Familiar3,1640170700852_000000_20211222NWFC9ORF31D,2,Female,15,No,1
Odour1.1,32.92,ML,Novel1,1640170756532_000000_20211222NWFC9ORF42A,2,Female,15,No,1
Odour1.2,12.08,ML,Novel2,1640170756532_000000_20211222NWFC9ORF42A,2,Female,15,No,1
Odour1.3,7.68,ML,Novel3,1640170756532_000000_20211222NWFC9ORF42A,2,Female,15,No,1
Odour2.1,14.96,ML,Water1,1640170756532_000000_20211222NWFC9ORF42A,2,Female,15,No,1
Odour2.2,1.56,ML,Water2,1640170756532_000000_20211222NWFC9ORF42A,2,Female,15,No,1
Odour2.3,0,ML,Water3,1640170756532_000000_20211222NWFC9ORF42A,2,Female,15,No,1
Odour3.1,17.36,ML,Familiar1,1640170756532_000000_20211222NWFC9ORF42A,2,Female,15,No,1
Odour3.2,0,ML,Familiar2,1640170756532_000000_20211222NWFC9ORF42A,2,Female,15,No,1
Odour3.3,0,ML,Familiar3,1640170756532_000000_20211222NWFC9ORF42A,2,Female,15,No,1
Odour1.1,45.84,ML,Novel1,1640176217569_000000_20211222NFWC9ORF14E,2,Male,15,No,1
Odour1.2,35.92,ML,Novel2,1640176217569_000000_20211222NFWC9ORF14E,2,Male,15,No,1
Odour1.3,0,ML,Novel3,1640176217569_000000_20211222NFWC9ORF14E,2,Male,15,No,1
Odour2.1,0,ML,Familiar1,1640176217569_000000_20211222NFWC9ORF14E,2,Male,15,No,0
Odour2.2,0,ML,Familiar2,1640176217569_000000_20211222NFWC9ORF14E,2,Male,15,No,0
Odour2.3,0,ML,Familiar3,1640176217569_000000_20211222NFWC9ORF14E,2,Male,15,No,0
Odour3.1,9,ML,Water1,1640176217569_000000_20211222NFWC9ORF14E,2,Male,15,No,0
Odour3.2,8.76,ML,Water2,1640176217569_000000_20211222NFWC9ORF14E,2,Male,15,No,0
Odour3.3,13.52,ML,Water3,1640176217569_000000_20211222NFWC9ORF14E,2,Male,15,No,0
Odour1.1,23.28,ML,Water1,1640178362672_000000_20211222WFNC9ORF32D,4,Male,15,No,1
Odour1.2,22.52,ML,Water2,1640178362672_000000_20211222WFNC9ORF32D,4,Male,15,No,1
Odour1.3,10.8,ML,Water3,1640178362672_000000_20211222WFNC9ORF32D,4,Male,15,No,1
Odour2.1,24.76,ML,Familiar1,1640178362672_000000_20211222WFNC9ORF32D,4,Male,15,No,1
Odour2.2,10.6,ML,Familiar2,1640178362672_000000_20211222WFNC9ORF32D,4,Male,15,No,1
Odour2.3,6.84,ML,Familiar3,1640178362672_000000_20211222WFNC9ORF32D,4,Male,15,No,1
Odour3.1,27.2,ML,Novel1,1640178362672_000000_20211222WFNC9ORF32D,4,Male,15,No,1
Odour3.2,10.12,ML,Novel2,1640178362672_000000_20211222WFNC9ORF32D,4,Male,15,No,1
Odour3.3,0,ML,Novel3,1640178362672_000000_20211222WFNC9ORF32D,4,Male,15,No,1
Odour1.1,4.36,ML,Water1,1640178404117_000000_20211222WFNC9ORF51C,4,Male,15,No,0
Odour1.2,4.24,ML,Water2,1640178404117_000000_20211222WFNC9ORF51C,4,Male,15,No,0
Odour1.3,0,ML,Water3,1640178404117_000000_20211222WFNC9ORF51C,4,Male,15,No,0
Odour2.1,5.88,ML,Familiar1,1640178404117_000000_20211222WFNC9ORF51C,4,Male,15,No,0
Odour2.2,19.64,ML,Familiar2,1640178404117_000000_20211222WFNC9ORF51C,4,Male,15,No,0
Odour2.3,16.88,ML,Familiar3,1640178404117_000000_20211222WFNC9ORF51C,4,Male,15,No,0
Odour3.1,29.4,ML,Novel1,1640178404117_000000_20211222WFNC9ORF51C,4,Male,15,No,1
Odour3.2,10.44,ML,Novel2,1640178404117_000000_20211222WFNC9ORF51C,4,Male,15,No,1
Odour3.3,0,ML,Novel3,1640178404117_000000_20211222WFNC9ORF51C,4,Male,15,No,1
Odour1.1,44.92,ML,Novel1,1643710387214_000000_20220201NWFC9ORF61c,2,Male,15,No,1
Odour1.2,27.76,ML,Novel2,1643710387214_000000_20220201NWFC9ORF61c,2,Male,15,No,1
Odour1.3,33.16,ML,Novel3,1643710387214_000000_20220201NWFC9ORF61c,2,Male,15,No,1
Odour2.1,35.08,ML,Water1,1643710387214_000000_20220201NWFC9ORF61c,2,Male,15,No,1
Odour2.2,13.92,ML,Water2,1643710387214_000000_20220201NWFC9ORF61c,2,Male,15,No,1
Odour2.3,11.92,ML,Water3,1643710387214_000000_20220201NWFC9ORF61c,2,Male,15,No,1
Odour3.1,12.68,ML,Familiar1,1643710387214_000000_20220201NWFC9ORF61c,2,Male,15,No,1
Odour3.2,8.64,ML,Familiar2,1643710387214_000000_20220201NWFC9ORF61c,2,Male,15,No,1
Odour3.3,8.72,ML,Familiar3,1643710387214_000000_20220201NWFC9ORF61c,2,Male,15,No,1
Odour1.1,31,ML,Novel1,1643710413634_000000_20220201NWFC9ORF62f,2,Male,15,No,1
Odour1.2,15.12,ML,Novel2,1643710413634_000000_20220201NWFC9ORF62f,2,Male,15,No,1
Odour1.3,1.44,ML,Novel3,1643710413634_000000_20220201NWFC9ORF62f,2,Male,15,No,1
Odour2.1,49.88,ML,Water1,1643710413634_000000_20220201NWFC9ORF62f,2,Male,15,No,1
Odour2.2,18.04,ML,Water2,1643710413634_000000_20220201NWFC9ORF62f,2,Male,15,No,1
Odour2.3,34.84,ML,Water3,1643710413634_000000_20220201NWFC9ORF62f,2,Male,15,No,1
Odour3.1,25.92,ML,Familiar1,1643710413634_000000_20220201NWFC9ORF62f,2,Male,15,No,1
Odour3.2,24.92,ML,Familiar2,1643710413634_000000_20220201NWFC9ORF62f,2,Male,15,No,1
Odour3.3,18.36,ML,Familiar3,1643710413634_000000_20220201NWFC9ORF62f,2,Male,15,No,1
Odour1.1,0,ML,Familiar1,1643710473231_000000_20220201FNWC9ORF41b,4,Female,15,No,0
Odour1.2,0,ML,Familiar2,1643710473231_000000_20220201FNWC9ORF41b,4,Female,15,No,0
Odour1.3,20.64,ML,Familiar3,1643710473231_000000_20220201FNWC9ORF41b,4,Female,15,No,0
Odour2.1,19.36,ML,Novel1,1643710473231_000000_20220201FNWC9ORF41b,4,Female,15,No,1
Odour2.2,4.72,ML,Novel2,1643710473231_000000_20220201FNWC9ORF41b,4,Female,15,No,1
Odour2.3,1.4,ML,Novel3,1643710473231_000000_20220201FNWC9ORF41b,4,Female,15,No,1
Odour3.1,5.36,ML,Water1,1643710473231_000000_20220201FNWC9ORF41b,4,Female,15,No,0
Odour3.2,0.56,ML,Water2,1643710473231_000000_20220201FNWC9ORF41b,4,Female,15,No,0
Odour3.3,0,ML,Water3,1643710473231_000000_20220201FNWC9ORF41b,4,Female,15,No,0
Odour1.1,25.16,ML,Familiar1,1643715065534_000000_20220201FNWC9ORF62c,2,Female,15,No,1
Odour1.2,3.76,ML,Familiar2,1643715065534_000000_20220201FNWC9ORF62c,2,Female,15,No,1
Odour1.3,2,ML,Familiar3,1643715065534_000000_20220201FNWC9ORF62c,2,Female,15,No,1
Odour2.1,4.88,ML,Novel1,1643715065534_000000_20220201FNWC9ORF62c,2,Female,15,No,0
Odour2.2,13.76,ML,Novel2,1643715065534_000000_20220201FNWC9ORF62c,2,Female,15,No,0
Odour2.3,0,ML,Novel3,1643715065534_000000_20220201FNWC9ORF62c,2,Female,15,No,0
Odour3.1,7.72,ML,Water1,1643715065534_000000_20220201FNWC9ORF62c,2,Female,15,No,0
Odour3.2,0,ML,Water2,1643715065534_000000_20220201FNWC9ORF62c,2,Female,15,No,0
Odour3.3,0,ML,Water3,1643715065534_000000_20220201FNWC9ORF62c,2,Female,15,No,0
Odour1.1,23.6,ML,Familiar1,1643715125135_000000_20220201FNWC9ORF81b,2,Female,15,No,1
Odour1.2,23.72,ML,Familiar2,1643715125135_000000_20220201FNWC9ORF81b,2,Female,15,No,1
Odour1.3,10.08,ML,Familiar3,1643715125135_000000_20220201FNWC9ORF81b,2,Female,15,No,1
Odour2.1,19.04,ML,Novel1,1643715125135_000000_20220201FNWC9ORF81b,2,Female,15,No,1
Odour2.2,27.48,ML,Novel2,1643715125135_000000_20220201FNWC9ORF81b,2,Female,15,No,1
Odour2.3,17.72,ML,Novel3,1643715125135_000000_20220201FNWC9ORF81b,2,Female,15,No,1
Odour3.1,17.8,ML,Water1,1643715125135_000000_20220201FNWC9ORF81b,2,Female,15,No,1
Odour3.2,0,ML,Water2,1643715125135_000000_20220201FNWC9ORF81b,2,Female,15,No,1
Odour3.3,0.64,ML,Water3,1643715125135_000000_20220201FNWC9ORF81b,2,Female,15,No,1
Odour1.1,31.04,ML,Novel1,1643715240372_000000_20220201NFWC9ORF72c,4,Male,15,No,1
Odour1.2,8.84,ML,Novel2,1643715240372_000000_20220201NFWC9ORF72c,4,Male,15,No,1
Odour1.3,0.48,ML,Novel3,1643715240372_000000_20220201NFWC9ORF72c,4,Male,15,No,1
Odour2.1,0.52,ML,Familiar1,1643715240372_000000_20220201NFWC9ORF72c,4,Male,15,No,0
Odour2.2,0,ML,Familiar2,1643715240372_000000_20220201NFWC9ORF72c,4,Male,15,No,0
Odour2.3,0,ML,Familiar3,1643715240372_000000_20220201NFWC9ORF72c,4,Male,15,No,0
Odour3.1,17.24,ML,Water1,1643715240372_000000_20220201NFWC9ORF72c,4,Male,15,No,1
Odour3.2,0,ML,Water2,1643715240372_000000_20220201NFWC9ORF72c,4,Male,15,No,1
Odour3.3,0,ML,Water3,1643715240372_000000_20220201NFWC9ORF72c,4,Male,15,No,1
Odour1.1,20.24,ML,Novel1,1643715268189_000000_20220201NFWC9ORF72e,4,Male,15,No,1
Odour1.2,4.6,ML,Novel2,1643715268189_000000_20220201NFWC9ORF72e,4,Male,15,No,1
Odour1.3,15.6,ML,Novel3,1643715268189_000000_20220201NFWC9ORF72e,4,Male,15,No,1
Odour2.1,60.92,ML,Familiar1,1643715268189_000000_20220201NFWC9ORF72e,4,Male,15,No,1
Odour2.2,4.8,ML,Familiar2,1643715268189_000000_20220201NFWC9ORF72e,4,Male,15,No,1
Odour2.3,1.48,ML,Familiar3,1643715268189_000000_20220201NFWC9ORF72e,4,Male,15,No,1
Odour3.1,19.4,ML,Water1,1643715268189_000000_20220201NFWC9ORF72e,4,Male,15,No,1
Odour3.2,3,ML,Water2,1643715268189_000000_20220201NFWC9ORF72e,4,Male,15,No,1
Odour3.3,0,ML,Water3,1643715268189_000000_20220201NFWC9ORF72e,4,Male,15,No,1
Odour1.1,18.36,ML,Novel1,1643715291621_000000_20220201NFWC9ORF72g,4,Male,15,No,1
Odour1.2,39.64,ML,Novel2,1643715291621_000000_20220201NFWC9ORF72g,4,Male,15,No,1
Odour1.3,9.32,ML,Novel3,1643715291621_000000_20220201NFWC9ORF72g,4,Male,15,No,1
Odour2.1,13.48,ML,Familiar1,1643715291621_000000_20220201NFWC9ORF72g,4,Male,15,No,1
Odour2.2,14.36,ML,Familiar2,1643715291621_000000_20220201NFWC9ORF72g,4,Male,15,No,1
Odour2.3,12.32,ML,Familiar3,1643715291621_000000_20220201NFWC9ORF72g,4,Male,15,No,1
Odour3.1,12.92,ML,Water1,1643715291621_000000_20220201NFWC9ORF72g,4,Male,15,No,1
Odour3.2,5.96,ML,Water2,1643715291621_000000_20220201NFWC9ORF72g,4,Male,15,No,1
Odour3.3,5.84,ML,Water3,1643715291621_000000_20220201NFWC9ORF72g,4,Male,15,No,1
Odour1.1,8.8,ML,Water1,1643794722468_000000_20220202WFNC9ORF71d,2,Female,15,No,0
Odour1.2,0,ML,Water2,1643794722468_000000_20220202WFNC9ORF71d,2,Female,15,No,0
Odour1.3,0,ML,Water3,1643794722468_000000_20220202WFNC9ORF71d,2,Female,15,No,0
Odour2.1,37.92,ML,Familiar1,1643794722468_000000_20220202WFNC9ORF71d,2,Female,15,No,1
Odour2.2,0,ML,Familiar2,1643794722468_000000_20220202WFNC9ORF71d,2,Female,15,No,1
Odour2.3,17.36,ML,Familiar3,1643794722468_000000_20220202WFNC9ORF71d,2,Female,15,No,1
Odour3.1,0,ML,Novel1,1643794722468_000000_20220202WFNC9ORF71d,2,Female,15,No,0
Odour3.2,12.36,ML,Novel2,1643794722468_000000_20220202WFNC9ORF71d,2,Female,15,No,0
Odour3.3,12.76,ML,Novel3,1643794722468_000000_20220202WFNC9ORF71d,2,Female,15,No,0
Odour1.1,9.84,ML,Water1,1643794787463_000000_20220202WFNC9ORF42a,4,Male,15,No,0
Odour1.2,2.76,ML,Water2,1643794787463_000000_20220202WFNC9ORF42a,4,Male,15,No,0
Odour1.3,1.96,ML,Water3,1643794787463_000000_20220202WFNC9ORF42a,4,Male,15,No,0
Odour2.1,17.4,ML,Familiar1,1643794787463_000000_20220202WFNC9ORF42a,4,Male,15,No,1
Odour2.2,12.72,ML,Familiar2,1643794787463_000000_20220202WFNC9ORF42a,4,Male,15,No,1
Odour2.3,3.84,ML,Familiar3,1643794787463_000000_20220202WFNC9ORF42a,4,Male,15,No,1
Odour3.1,37.8,ML,Novel1,1643794787463_000000_20220202WFNC9ORF42a,4,Male,15,No,1
Odour3.2,21.44,ML,Novel2,1643794787463_000000_20220202WFNC9ORF42a,4,Male,15,No,1
Odour3.3,7.44,ML,Novel3,1643794787463_000000_20220202WFNC9ORF42a,4,Male,15,No,1
Odour1.1,11.04,ML,Water1,1643794843840_000000_20220202WFNC9ORF62c,4,Male,15,No,1
Odour1.2,20.2,ML,Water2,1643794843840_000000_20220202WFNC9ORF62c,4,Male,15,No,1
Odour1.3,0.56,ML,Water3,1643794843840_000000_20220202WFNC9ORF62c,4,Male,15,No,1
Odour2.1,14.24,ML,Familiar1,1643794843840_000000_20220202WFNC9ORF62c,4,Male,15,No,1
Odour2.2,13.76,ML,Familiar2,1643794843840_000000_20220202WFNC9ORF62c,4,Male,15,No,1
Odour2.3,0,ML,Familiar3,1643794843840_000000_20220202WFNC9ORF62c,4,Male,15,No,1
Odour3.1,25.76,ML,Novel1,1643794843840_000000_20220202WFNC9ORF62c,4,Male,15,No,1
Odour3.2,17.4,ML,Novel2,1643794843840_000000_20220202WFNC9ORF62c,4,Male,15,No,1
Odour3.3,5.92,ML,Novel3,1643794843840_000000_20220202WFNC9ORF62c,4,Male,15,No,1
Odour1.1,34.76,ML,Novel1,1643797213673_000000_20220202NWFC9ORF61f,2,Male,15,No,1
Odour1.2,6.04,ML,Novel2,1643797213673_000000_20220202NWFC9ORF61f,2,Male,15,No,1
Odour1.3,5.4,ML,Novel3,1643797213673_000000_20220202NWFC9ORF61f,2,Male,15,No,1
Odour2.1,8.84,ML,Water1,1643797213673_000000_20220202NWFC9ORF61f,2,Male,15,No,0
Odour2.2,2.08,ML,Water2,1643797213673_000000_20220202NWFC9ORF61f,2,Male,15,No,0
Odour2.3,0,ML,Water3,1643797213673_000000_20220202NWFC9ORF61f,2,Male,15,No,0
Odour3.1,24.56,ML,Familiar1,1643797213673_000000_20220202NWFC9ORF61f,2,Male,15,No,1
Odour3.2,2.2,ML,Familiar2,1643797213673_000000_20220202NWFC9ORF61f,2,Male,15,No,1
Odour3.3,0,ML,Familiar3,1643797213673_000000_20220202NWFC9ORF61f,2,Male,15,No,1
Odour1.1,25.04,ML,Novel1,1643797340651_000000_20220202NWFC9ORF72h,2,Male,15,No,1
Odour1.2,7.56,ML,Novel2,1643797340651_000000_20220202NWFC9ORF72h,2,Male,15,No,1
Odour1.3,2.72,ML,Novel3,1643797340651_000000_20220202NWFC9ORF72h,2,Male,15,No,1
Odour2.1,6.6,ML,Water1,1643797340651_000000_20220202NWFC9ORF72h,2,Male,15,No,0
Odour2.2,0.24,ML,Water2,1643797340651_000000_20220202NWFC9ORF72h,2,Male,15,No,0
Odour2.3,1.68,ML,Water3,1643797340651_000000_20220202NWFC9ORF72h,2,Male,15,No,0
Odour3.1,35.36,ML,Familiar1,1643797340651_000000_20220202NWFC9ORF72h,2,Male,15,No,1
Odour3.2,11.96,ML,Familiar2,1643797340651_000000_20220202NWFC9ORF72h,2,Male,15,No,1
Odour3.3,14.52,ML,Familiar3,1643797340651_000000_20220202NWFC9ORF72h,2,Male,15,No,1
Odour1.1,23.76,ML,Novel1,1643797455410_000000_20220202NFWC9ORF61a,4,Female,15,No,1
Odour1.2,9.52,ML,Novel2,1643797455410_000000_20220202NFWC9ORF61a,4,Female,15,No,1
Odour1.3,8.44,ML,Novel3,1643797455410_000000_20220202NFWC9ORF61a,4,Female,15,No,1
Odour2.1,16.92,ML,Familiar1,1643797455410_000000_20220202NFWC9ORF61a,4,Female,15,No,1
Odour2.2,0,ML,Familiar2,1643797455410_000000_20220202NFWC9ORF61a,4,Female,15,No,1
Odour2.3,5.52,ML,Familiar3,1643797455410_000000_20220202NFWC9ORF61a,4,Female,15,No,1
Odour3.1,7.2,ML,Water1,1643797455410_000000_20220202NFWC9ORF61a,4,Female,15,No,0
Odour3.2,4.76,ML,Water2,1643797455410_000000_20220202NFWC9ORF61a,4,Female,15,No,0
Odour3.3,1.92,ML,Water3,1643797455410_000000_20220202NFWC9ORF61a,4,Female,15,No,0
Odour1.1,26.64,ML,Novel1,1643797482579_000000_20220202NFWC9ORF62a,4,Female,15,No,1
Odour1.2,11.6,ML,Novel2,1643797482579_000000_20220202NFWC9ORF62a,4,Female,15,No,1
Odour1.3,11.44,ML,Novel3,1643797482579_000000_20220202NFWC9ORF62a,4,Female,15,No,1
Odour2.1,10.32,ML,Familiar1,1643797482579_000000_20220202NFWC9ORF62a,4,Female,15,No,1
Odour2.2,9.68,ML,Familiar2,1643797482579_000000_20220202NFWC9ORF62a,4,Female,15,No,1
Odour2.3,5.68,ML,Familiar3,1643797482579_000000_20220202NFWC9ORF62a,4,Female,15,No,1
Odour3.1,10.28,ML,Water1,1643797482579_000000_20220202NFWC9ORF62a,4,Female,15,No,1
Odour3.2,9.32,ML,Water2,1643797482579_000000_20220202NFWC9ORF62a,4,Female,15,No,1
Odour3.3,5,ML,Water3,1643797482579_000000_20220202NFWC9ORF62a,4,Female,15,No,1
Odour1.1,32.7,Manual,Novel1,1671611841850_000000_20221221NWFC9ORF31c,4,Female,67,No,1
Odour1.2,15.5,Manual,Novel2,1671611841850_000000_20221221NWFC9ORF31c,4,Female,67,No,1
Odour1.3,12.9,Manual,Novel3,1671611841850_000000_20221221NWFC9ORF31c,4,Female,67,No,1
Odour2.1,19.3,Manual,Water1,1671611841850_000000_20221221NWFC9ORF31c,4,Female,67,No,1
Odour2.2,7.9,Manual,Water2,1671611841850_000000_20221221NWFC9ORF31c,4,Female,67,No,1
Odour2.3,0,Manual,Water3,1671611841850_000000_20221221NWFC9ORF31c,4,Female,67,No,1
Odour3.1,37,Manual,Familiar1,1671611841850_000000_20221221NWFC9ORF31c,4,Female,67,No,1
Odour3.2,3,Manual,Familiar2,1671611841850_000000_20221221NWFC9ORF31c,4,Female,67,No,1
Odour3.3,17.3,Manual,Familiar3,1671611841850_000000_20221221NWFC9ORF31c,4,Female,67,No,1
Odour1.1,40,Manual,Novel1,1671614382683_000000_20221221NFWC9ORF31d,2,Female,67,No,1
Odour1.2,11.4,Manual,Novel2,1671614382683_000000_20221221NFWC9ORF31d,2,Female,67,No,1
Odour1.3,10.9,Manual,Novel3,1671614382683_000000_20221221NFWC9ORF31d,2,Female,67,No,1
Odour2.1,36.6,Manual,Familiar1,1671614382683_000000_20221221NFWC9ORF31d,2,Female,67,No,1
Odour2.2,10.7,Manual,Familiar2,1671614382683_000000_20221221NFWC9ORF31d,2,Female,67,No,1
Odour2.3,6.6,Manual,Familiar3,1671614382683_000000_20221221NFWC9ORF31d,2,Female,67,No,1
Odour3.1,16.7,Manual,Water1,1671614382683_000000_20221221NFWC9ORF31d,2,Female,67,No,1
Odour3.2,0.9,Manual,Water2,1671614382683_000000_20221221NFWC9ORF31d,2,Female,67,No,1
Odour3.3,2.2,Manual,Water3,1671614382683_000000_20221221NFWC9ORF31d,2,Female,67,No,1
Odour1.1,40.1,Manual,Novel1,1671614438865_000000_20221221NFWC9ORF42a,2,Female,67,No,1
Odour1.2,35.8,Manual,Novel2,1671614438865_000000_20221221NFWC9ORF42a,2,Female,67,No,1
Odour1.3,8.5,Manual,Novel3,1671614438865_000000_20221221NFWC9ORF42a,2,Female,67,No,1
Odour2.1,16.7,Manual,Familiar1,1671614438865_000000_20221221NFWC9ORF42a,2,Female,67,No,1
Odour2.2,0.8,Manual,Familiar2,1671614438865_000000_20221221NFWC9ORF42a,2,Female,67,No,1
Odour2.3,0,Manual,Familiar3,1671614438865_000000_20221221NFWC9ORF42a,2,Female,67,No,1
Odour3.1,21.9,Manual,Water1,1671614438865_000000_20221221NFWC9ORF42a,2,Female,67,No,1
Odour3.2,11.4,Manual,Water2,1671614438865_000000_20221221NFWC9ORF42a,2,Female,67,No,1
Odour3.3,2,Manual,Water3,1671614438865_000000_20221221NFWC9ORF42a,2,Female,67,No,1
Odour1.1,37.9,Manual,Familiar1,1671614476569_000000_20221221FNWC9ORF31c,4,Female,67,No,1
Odour1.2,15.5,Manual,Familiar2,1671614476569_000000_20221221FNWC9ORF31c,4,Female,67,No,1
Odour1.3,15.2,Manual,Familiar3,1671614476569_000000_20221221FNWC9ORF31c,4,Female,67,No,1
Odour2.1,18.5,Manual,Novel1,1671614476569_000000_20221221FNWC9ORF31c,4,Female,67,No,1
Odour2.2,8,Manual,Novel2,1671614476569_000000_20221221FNWC9ORF31c,4,Female,67,No,1
Odour2.3,0,Manual,Novel3,1671614476569_000000_20221221FNWC9ORF31c,4,Female,67,No,1
Odour3.1,36.9,Manual,Water1,1671614476569_000000_20221221FNWC9ORF31c,4,Female,67,No,1
Odour3.2,3.5,Manual,Water2,1671614476569_000000_20221221FNWC9ORF31c,4,Female,67,No,1
Odour3.3,17.2,Manual,Water3,1671614476569_000000_20221221FNWC9ORF31c,4,Female,67,No,1
Odour1.1,55.1,Manual,Familiar1,1671614539305_000000_20221221FNWC9ORF41a,4,Female,67,No,1
Odour1.2,32.8,Manual,Familiar2,1671614539305_000000_20221221FNWC9ORF41a,4,Female,67,No,1
Odour1.3,16.1,Manual,Familiar3,1671614539305_000000_20221221FNWC9ORF41a,4,Female,67,No,1
Odour2.1,35.1,Manual,Novel1,1671614539305_000000_20221221FNWC9ORF41a,4,Female,67,No,1
Odour2.2,47.5,Manual,Novel2,1671614539305_000000_20221221FNWC9ORF41a,4,Female,67,No,1
Odour2.3,14.4,Manual,Novel3,1671614539305_000000_20221221FNWC9ORF41a,4,Female,67,No,1
Odour3.1,25.2,Manual,Water1,1671614539305_000000_20221221FNWC9ORF41a,4,Female,67,No,1
Odour3.2,45.5,Manual,Water2,1671614539305_000000_20221221FNWC9ORF41a,4,Female,67,No,1
Odour3.3,10.5,Manual,Water3,1671614539305_000000_20221221FNWC9ORF41a,4,Female,67,No,1
Odour1.1,36.7,Manual,Familiar1,1671614575601_000000_20221221FNWC9ORF31e,4,Female,67,No,1
Odour1.2,30.2,Manual,Familiar2,1671614575601_000000_20221221FNWC9ORF31e,4,Female,67,No,1
Odour1.3,15.8,Manual,Familiar3,1671614575601_000000_20221221FNWC9ORF31e,4,Female,67,No,1
Odour2.1,15.7,Manual,Novel1,1671614575601_000000_20221221FNWC9ORF31e,4,Female,67,No,1
Odour2.2,0,Manual,Novel2,1671614575601_000000_20221221FNWC9ORF31e,4,Female,67,No,1
Odour2.3,26.4,Manual,Novel3,1671614575601_000000_20221221FNWC9ORF31e,4,Female,67,No,1
Odour3.1,25,Manual,Water1,1671614575601_000000_20221221FNWC9ORF31e,4,Female,67,No,1
Odour3.2,9.2,Manual,Water2,1671614575601_000000_20221221FNWC9ORF31e,4,Female,67,No,1
Odour3.3,6.5,Manual,Water3,1671614575601_000000_20221221FNWC9ORF31e,4,Female,67,No,1
Odour1.1,35.4,Manual,Familiar1,1671620561756_000000_20221221FNWC9ORF14e,2,Male,67,No,1
Odour1.2,27.6,Manual,Familiar2,1671620561756_000000_20221221FNWC9ORF14e,2,Male,67,No,1
Odour1.3,5.6,Manual,Familiar3,1671620561756_000000_20221221FNWC9ORF14e,2,Male,67,No,1
Odour2.1,90.9,Manual,Novel1,1671620561756_000000_20221221FNWC9ORF14e,2,Male,67,No,1
Odour2.2,39.2,Manual,Novel2,1671620561756_000000_20221221FNWC9ORF14e,2,Male,67,No,1
Odour2.3,11.1,Manual,Novel3,1671620561756_000000_20221221FNWC9ORF14e,2,Male,67,No,1
Odour3.1,32.2,Manual,Water1,1671620561756_000000_20221221FNWC9ORF14e,2,Male,67,No,1
Odour3.2,39,Manual,Water2,1671620561756_000000_20221221FNWC9ORF14e,2,Male,67,No,1
Odour3.3,13,Manual,Water3,1671620561756_000000_20221221FNWC9ORF14e,2,Male,67,No,1
Odour1.1,32.9,Manual,Novel1,1671620630811_000000_20221221NFWC9ORF22g,4,Male,67,No,1
Odour1.2,13.7,Manual,Novel2,1671620630811_000000_20221221NFWC9ORF22g,4,Male,67,No,1
Odour1.3,25,Manual,Novel3,1671620630811_000000_20221221NFWC9ORF22g,4,Male,67,No,1
Odour2.1,15.7,Manual,Familiar1,1671620630811_000000_20221221NFWC9ORF22g,4,Male,67,No,1
Odour2.2,35.1,Manual,Familiar2,1671620630811_000000_20221221NFWC9ORF22g,4,Male,67,No,1
Odour2.3,1.5,Manual,Familiar3,1671620630811_000000_20221221NFWC9ORF22g,4,Male,67,No,1
Odour3.1,26.4,Manual,Water1,1671620630811_000000_20221221NFWC9ORF22g,4,Male,67,No,1
Odour3.2,3.8,Manual,Water2,1671620630811_000000_20221221NFWC9ORF22g,4,Male,67,No,1
Odour3.3,10.9,Manual,Water3,1671620630811_000000_20221221NFWC9ORF22g,4,Male,67,No,1
Odour1.1,30.5,Manual,Novel1,1671620657662_000000_20221221NFWC9ORF22i,4,Male,67,No,1
Odour1.2,12.4,Manual,Novel2,1671620657662_000000_20221221NFWC9ORF22i,4,Male,67,No,1
Odour1.3,10.7,Manual,Novel3,1671620657662_000000_20221221NFWC9ORF22i,4,Male,67,No,1
Odour2.1,42.4,Manual,Familiar1,1671620657662_000000_20221221NFWC9ORF22i,4,Male,67,No,1
Odour2.2,10.1,Manual,Familiar2,1671620657662_000000_20221221NFWC9ORF22i,4,Male,67,No,1
Odour2.3,6.8,Manual,Familiar3,1671620657662_000000_20221221NFWC9ORF22i,4,Male,67,No,1
Odour3.1,8.8,Manual,Water1,1671620657662_000000_20221221NFWC9ORF22i,4,Male,67,No,0
Odour3.2,7.2,Manual,Water2,1671620657662_000000_20221221NFWC9ORF22i,4,Male,67,No,0
Odour3.3,0.3,Manual,Water3,1671620657662_000000_20221221NFWC9ORF22i,4,Male,67,No,0
Odour1.1,22.7,Manual,Water1,1671623696944_000000_20221221WFNC9ORF32e,2,Male,67,No,1
Odour1.2,4.7,Manual,Water2,1671623696944_000000_20221221WFNC9ORF32e,2,Male,67,No,1
Odour1.3,2.6,Manual,Water3,1671623696944_000000_20221221WFNC9ORF32e,2,Male,67,No,1
Odour2.1,0,Manual,Familiar1,1671623696944_000000_20221221WFNC9ORF32e,2,Male,67,No,0
Odour2.2,0,Manual,Familiar2,1671623696944_000000_20221221WFNC9ORF32e,2,Male,67,No,0
Odour2.3,29.3,Manual,Familiar3,1671623696944_000000_20221221WFNC9ORF32e,2,Male,67,No,0
Odour3.1,34.8,Manual,Novel1,1671623696944_000000_20221221WFNC9ORF32e,2,Male,67,No,1
Odour3.2,38,Manual,Novel2,1671623696944_000000_20221221WFNC9ORF32e,2,Male,67,No,1
Odour3.3,10,Manual,Novel3,1671623696944_000000_20221221WFNC9ORF32e,2,Male,67,No,1
Odour1.1,16.8,Manual,Water1,1671623717486_000000_20221221WFNC9ORF32h,2,Male,67,No,1
Odour1.2,24.1,Manual,Water2,1671623717486_000000_20221221WFNC9ORF32h,2,Male,67,No,1
Odour1.3,22.4,Manual,Water3,1671623717486_000000_20221221WFNC9ORF32h,2,Male,67,No,1
Odour2.1,0,Manual,Familiar1,1671623717486_000000_20221221WFNC9ORF32h,2,Male,67,No,0
Odour2.2,47.4,Manual,Familiar2,1671623717486_000000_20221221WFNC9ORF32h,2,Male,67,No,0
Odour2.3,13.5,Manual,Familiar3,1671623717486_000000_20221221WFNC9ORF32h,2,Male,67,No,0
Odour3.1,7.8,Manual,Novel1,1671623717486_000000_20221221WFNC9ORF32h,2,Male,67,No,0
Odour3.2,51.8,Manual,Novel2,1671623717486_000000_20221221WFNC9ORF32h,2,Male,67,No,0
Odour3.3,7,Manual,Novel3,1671623717486_000000_20221221WFNC9ORF32h,2,Male,67,No,0
Odour1.1,14.4,Manual,Water1,1671623738374_000000_20221221WFNC9ORF41c,2,Male,67,No,1
Odour1.2,5.1,Manual,Water2,1671623738374_000000_20221221WFNC9ORF41c,2,Male,67,No,1
Odour1.3,0,Manual,Water3,1671623738374_000000_20221221WFNC9ORF41c,2,Male,67,No,1
Odour2.1,22.7,Manual,Familiar1,1671623738374_000000_20221221WFNC9ORF41c,2,Male,67,No,1
Odour2.2,11,Manual,Familiar2,1671623738374_000000_20221221WFNC9ORF41c,2,Male,67,No,1
Odour2.3,0,Manual,Familiar3,1671623738374_000000_20221221WFNC9ORF41c,2,Male,67,No,1
Odour3.1,9.8,Manual,Novel1,1671623738374_000000_20221221WFNC9ORF41c,2,Male,67,No,0
Odour3.2,4.9,Manual,Novel2,1671623738374_000000_20221221WFNC9ORF41c,2,Male,67,No,0
Odour3.3,0,Manual,Novel3,1671623738374_000000_20221221WFNC9ORF41c,2,Male,67,No,0
Odour1.1,55,Manual,Familiar1,1671623779451_000000_20221221FNWC9ORF32d,4,Male,67,No,1
Odour1.2,69.9,Manual,Familiar2,1671623779451_000000_20221221FNWC9ORF32d,4,Male,67,No,1
Odour1.3,39.4,Manual,Familiar3,1671623779451_000000_20221221FNWC9ORF32d,4,Male,67,No,1
Odour2.1,55.5,Manual,Novel1,1671623779451_000000_20221221FNWC9ORF32d,4,Male,67,No,1
Odour2.2,63.3,Manual,Novel2,1671623779451_000000_20221221FNWC9ORF32d,4,Male,67,No,1
Odour2.3,71.2,Manual,Novel3,1671623779451_000000_20221221FNWC9ORF32d,4,Male,67,No,1
Odour3.1,33.9,Manual,Water1,1671623779451_000000_20221221FNWC9ORF32d,4,Male,67,No,1
Odour3.2,34.6,Manual,Water2,1671623779451_000000_20221221FNWC9ORF32d,4,Male,67,No,1
Odour3.3,17.6,Manual,Water3,1671623779451_000000_20221221FNWC9ORF32d,4,Male,67,No,1
Odour1.1,39.3,Manual,Water1,1671623805350_000000_20221221WFNC9ORF51c,4,Male,67,No,1
Odour1.2,50.1,Manual,Water2,1671623805350_000000_20221221WFNC9ORF51c,4,Male,67,No,1
Odour1.3,62.4,Manual,Water3,1671623805350_000000_20221221WFNC9ORF51c,4,Male,67,No,1
Odour2.1,24.6,Manual,Familiar1,1671623805350_000000_20221221WFNC9ORF51c,4,Male,67,No,1
Odour2.2,20,Manual,Familiar2,1671623805350_000000_20221221WFNC9ORF51c,4,Male,67,No,1
Odour2.3,19.4,Manual,Familiar3,1671623805350_000000_20221221WFNC9ORF51c,4,Male,67,No,1
Odour3.1,42.8,Manual,Novel1,1671623805350_000000_20221221WFNC9ORF51c,4,Male,67,No,1
Odour3.2,62.1,Manual,Novel2,1671623805350_000000_20221221WFNC9ORF51c,4,Male,67,No,1
Odour3.3,18.8,Manual,Novel3,1671623805350_000000_20221221WFNC9ORF51c,4,Male,67,No,1
Odour1.1,0,Manual,Water1,1671623827407_000000_20221221WFNC9ORF51d,4,Male,67,No,0
Odour1.2,0,Manual,Water2,1671623827407_000000_20221221WFNC9ORF51d,4,Male,67,No,0
Odour1.3,27.6,Manual,Water3,1671623827407_000000_20221221WFNC9ORF51d,4,Male,67,No,0
Odour2.1,18.7,Manual,Familiar1,1671623827407_000000_20221221WFNC9ORF51d,4,Male,67,No,1
Odour2.2,9.1,Manual,Familiar2,1671623827407_000000_20221221WFNC9ORF51d,4,Male,67,No,1
Odour2.3,10.9,Manual,Familiar3,1671623827407_000000_20221221WFNC9ORF51d,4,Male,67,No,1
Odour3.1,19.2,Manual,Novel1,1671623827407_000000_20221221WFNC9ORF51d,4,Male,67,No,1
Odour3.2,1.7,Manual,Novel2,1671623827407_000000_20221221WFNC9ORF51d,4,Male,67,No,1
Odour3.3,17.7,Manual,Novel3,1671623827407_000000_20221221WFNC9ORF51d,4,Male,67,No,1
Odour1.1,19.2,Manual,Novel1,1675941075620_000000_20230209NFWC9O71d,2,Female,67,No,1
Odour1.2,2.7,Manual,Novel2,1675941075620_000000_20230209NFWC9O71d,2,Female,67,No,1
Odour1.3,0.7,Manual,Novel3,1675941075620_000000_20230209NFWC9O71d,2,Female,67,No,1
Odour2.1,14.6,Manual,Familiar1,1675941075620_000000_20230209NFWC9O71d,2,Female,67,No,1
Odour2.2,13.4,Manual,Familiar2,1675941075620_000000_20230209NFWC9O71d,2,Female,67,No,1
Odour2.3,5.6,Manual,Familiar3,1675941075620_000000_20230209NFWC9O71d,2,Female,67,No,1
Odour3.1,16.7,Manual,Water1,1675941075620_000000_20230209NFWC9O71d,2,Female,67,No,1
Odour3.2,1,Manual,Water2,1675941075620_000000_20230209NFWC9O71d,2,Female,67,No,1
Odour3.3,0,Manual,Water3,1675941075620_000000_20230209NFWC9O71d,2,Female,67,No,1
Odour1.1,20.2,Manual,Familiar1,1675941125084_000000_20230209FNWC9O61a,4,Female,67,No,1
Odour1.2,5.2,Manual,Familiar2,1675941125084_000000_20230209FNWC9O61a,4,Female,67,No,1
Odour1.3,7.4,Manual,Familiar3,1675941125084_000000_20230209FNWC9O61a,4,Female,67,No,1
Odour2.1,28,Manual,Novel1,1675941125084_000000_20230209FNWC9O61a,4,Female,67,No,1
Odour2.2,7.9,Manual,Novel2,1675941125084_000000_20230209FNWC9O61a,4,Female,67,No,1
Odour2.3,17.7,Manual,Novel3,1675941125084_000000_20230209FNWC9O61a,4,Female,67,No,1
Odour3.1,11.7,Manual,Water1,1675941125084_000000_20230209FNWC9O61a,4,Female,67,No,1
Odour3.2,1.7,Manual,Water2,1675941125084_000000_20230209FNWC9O61a,4,Female,67,No,1
Odour3.3,7.7,Manual,Water3,1675941125084_000000_20230209FNWC9O61a,4,Female,67,No,1
Odour1.1,29.5,Manual,Familiar1,1675943892048_000000_20230209FNWC9O62c,4,Male,67,No,1
Odour1.2,25.1,Manual,Familiar2,1675943892048_000000_20230209FNWC9O62c,4,Male,67,No,1
Odour1.3,8.2,Manual,Familiar3,1675943892048_000000_20230209FNWC9O62c,4,Male,67,No,1
Odour2.1,35.7,Manual,Novel1,1675943892048_000000_20230209FNWC9O62c,4,Male,67,No,1
Odour2.2,0,Manual,Novel2,1675943892048_000000_20230209FNWC9O62c,4,Male,67,No,1
Odour2.3,13.8,Manual,Novel3,1675943892048_000000_20230209FNWC9O62c,4,Male,67,No,1
Odour3.1,21.3,Manual,Water1,1675943892048_000000_20230209FNWC9O62c,4,Male,67,No,1
Odour3.2,6.4,Manual,Water2,1675943892048_000000_20230209FNWC9O62c,4,Male,67,No,1
Odour3.3,1.7,Manual,Water3,1675943892048_000000_20230209FNWC9O62c,4,Male,67,No,1
Odour1.1,30.6,ML,Novel1,1671611841850_000000_20221221NWFC9ORF31c,4,Female,67,No,1
Odour1.2,13.84,ML,Novel2,1671611841850_000000_20221221NWFC9ORF31c,4,Female,67,No,1
Odour1.3,11.48,ML,Novel3,1671611841850_000000_20221221NWFC9ORF31c,4,Female,67,No,1
Odour2.1,25.84,ML,Water1,1671611841850_000000_20221221NWFC9ORF31c,4,Female,67,No,1
Odour2.2,9.24,ML,Water2,1671611841850_000000_20221221NWFC9ORF31c,4,Female,67,No,1
Odour2.3,0,ML,Water3,1671611841850_000000_20221221NWFC9ORF31c,4,Female,67,No,1
Odour3.1,20.44,ML,Familiar1,1671611841850_000000_20221221NWFC9ORF31c,4,Female,67,No,1
Odour3.2,0.84,ML,Familiar2,1671611841850_000000_20221221NWFC9ORF31c,4,Female,67,No,1
Odour3.3,18.44,ML,Familiar3,1671611841850_000000_20221221NWFC9ORF31c,4,Female,67,No,1
Odour1.1,36.64,ML,Novel1,1671614382683_000000_20221221NFWC9ORF31d,2,Female,67,No,1
Odour1.2,15.28,ML,Novel2,1671614382683_000000_20221221NFWC9ORF31d,2,Female,67,No,1
Odour1.3,10.12,ML,Novel3,1671614382683_000000_20221221NFWC9ORF31d,2,Female,67,No,1
Odour2.1,34.64,ML,Familiar1,1671614382683_000000_20221221NFWC9ORF31d,2,Female,67,No,1
Odour2.2,10.12,ML,Familiar2,1671614382683_000000_20221221NFWC9ORF31d,2,Female,67,No,1
Odour2.3,6.92,ML,Familiar3,1671614382683_000000_20221221NFWC9ORF31d,2,Female,67,No,1
Odour3.1,14.4,ML,Water1,1671614382683_000000_20221221NFWC9ORF31d,2,Female,67,No,1
Odour3.2,0.92,ML,Water2,1671614382683_000000_20221221NFWC9ORF31d,2,Female,67,No,1
Odour3.3,2.48,ML,Water3,1671614382683_000000_20221221NFWC9ORF31d,2,Female,67,No,1
Odour1.1,37.6,ML,Novel1,1671614438865_000000_20221221NFWC9ORF42a,2,Female,67,No,1
Odour1.2,41.12,ML,Novel2,1671614438865_000000_20221221NFWC9ORF42a,2,Female,67,No,1
Odour1.3,14.92,ML,Novel3,1671614438865_000000_20221221NFWC9ORF42a,2,Female,67,No,1
Odour2.1,25.04,ML,Familiar1,1671614438865_000000_20221221NFWC9ORF42a,2,Female,67,No,1
Odour2.2,0,ML,Familiar2,1671614438865_000000_20221221NFWC9ORF42a,2,Female,67,No,1
Odour2.3,0,ML,Familiar3,1671614438865_000000_20221221NFWC9ORF42a,2,Female,67,No,1
Odour3.1,19.28,ML,Water1,1671614438865_000000_20221221NFWC9ORF42a,2,Female,67,No,1
Odour3.2,11.44,ML,Water2,1671614438865_000000_20221221NFWC9ORF42a,2,Female,67,No,1
Odour3.3,0,ML,Water3,1671614438865_000000_20221221NFWC9ORF42a,2,Female,67,No,1
Odour1.1,46.84,ML,Familiar1,1671614476569_000000_20221221FNWC9ORF31c,4,Female,67,No,1
Odour1.2,45.88,ML,Familiar2,1671614476569_000000_20221221FNWC9ORF31c,4,Female,67,No,1
Odour1.3,89.32,ML,Familiar3,1671614476569_000000_20221221FNWC9ORF31c,4,Female,67,No,1
Odour2.1,63.88,ML,Novel1,1671614476569_000000_20221221FNWC9ORF31c,4,Female,67,No,1
Odour2.2,28.28,ML,Novel2,1671614476569_000000_20221221FNWC9ORF31c,4,Female,67,No,1
Odour2.3,6.48,ML,Novel3,1671614476569_000000_20221221FNWC9ORF31c,4,Female,67,No,1
Odour3.1,26.6,ML,Water1,1671614476569_000000_20221221FNWC9ORF31c,4,Female,67,No,1
Odour3.2,34.96,ML,Water2,1671614476569_000000_20221221FNWC9ORF31c,4,Female,67,No,1
Odour3.3,5.64,ML,Water3,1671614476569_000000_20221221FNWC9ORF31c,4,Female,67,No,1
Odour1.1,51.4,ML,Familiar1,1671614539305_000000_20221221FNWC9ORF41a,4,Female,67,No,1
Odour1.2,35.72,ML,Familiar2,1671614539305_000000_20221221FNWC9ORF41a,4,Female,67,No,1
Odour1.3,14.44,ML,Familiar3,1671614539305_000000_20221221FNWC9ORF41a,4,Female,67,No,1
Odour2.1,41.52,ML,Novel1,1671614539305_000000_20221221FNWC9ORF41a,4,Female,67,No,1
Odour2.2,52.4,ML,Novel2,1671614539305_000000_20221221FNWC9ORF41a,4,Female,67,No,1
Odour2.3,9.84,ML,Novel3,1671614539305_000000_20221221FNWC9ORF41a,4,Female,67,No,1
Odour3.1,26,ML,Water1,1671614539305_000000_20221221FNWC9ORF41a,4,Female,67,No,1
Odour3.2,58.32,ML,Water2,1671614539305_000000_20221221FNWC9ORF41a,4,Female,67,No,1
Odour3.3,13.28,ML,Water3,1671614539305_000000_20221221FNWC9ORF41a,4,Female,67,No,1
Odour1.1,34.68,ML,Familiar1,1671614575601_000000_20221221FNWC9ORF31e,4,Female,67,No,1
Odour1.2,24.04,ML,Familiar2,1671614575601_000000_20221221FNWC9ORF31e,4,Female,67,No,1
Odour1.3,19.96,ML,Familiar3,1671614575601_000000_20221221FNWC9ORF31e,4,Female,67,No,1
Odour2.1,0.44,ML,Novel1,1671614575601_000000_20221221FNWC9ORF31e,4,Female,67,No,0
Odour2.2,0.32,ML,Novel2,1671614575601_000000_20221221FNWC9ORF31e,4,Female,67,No,0
Odour2.3,21.96,ML,Novel3,1671614575601_000000_20221221FNWC9ORF31e,4,Female,67,No,0
Odour3.1,22.24,ML,Water1,1671614575601_000000_20221221FNWC9ORF31e,4,Female,67,No,1
Odour3.2,8.56,ML,Water2,1671614575601_000000_20221221FNWC9ORF31e,4,Female,67,No,1
Odour3.3,5.92,ML,Water3,1671614575601_000000_20221221FNWC9ORF31e,4,Female,67,No,1
Odour1.1,31.8,ML,Familiar1,1671620561756_000000_20221221FNWC9ORF14e,2,Male,67,No,1
Odour1.2,37.68,ML,Familiar2,1671620561756_000000_20221221FNWC9ORF14e,2,Male,67,No,1
Odour1.3,4.8,ML,Familiar3,1671620561756_000000_20221221FNWC9ORF14e,2,Male,67,No,1
Odour2.1,95.56,ML,Novel1,1671620561756_000000_20221221FNWC9ORF14e,2,Male,67,No,1
Odour2.2,40.28,ML,Novel2,1671620561756_000000_20221221FNWC9ORF14e,2,Male,67,No,1
Odour2.3,12.56,ML,Novel3,1671620561756_000000_20221221FNWC9ORF14e,2,Male,67,No,1
Odour3.1,39.96,ML,Water1,1671620561756_000000_20221221FNWC9ORF14e,2,Male,67,No,1
Odour3.2,43.64,ML,Water2,1671620561756_000000_20221221FNWC9ORF14e,2,Male,67,No,1
Odour3.3,16.04,ML,Water3,1671620561756_000000_20221221FNWC9ORF14e,2,Male,67,No,1
Odour1.1,37.96,ML,Novel1,1671620630811_000000_20221221NFWC9ORF22g,4,Male,67,No,1
Odour1.2,14.04,ML,Novel2,1671620630811_000000_20221221NFWC9ORF22g,4,Male,67,No,1
Odour1.3,28.56,ML,Novel3,1671620630811_000000_20221221NFWC9ORF22g,4,Male,67,No,1
Odour2.1,15.88,ML,Familiar1,1671620630811_000000_20221221NFWC9ORF22g,4,Male,67,No,1
Odour2.2,39.52,ML,Familiar2,1671620630811_000000_20221221NFWC9ORF22g,4,Male,67,No,1
Odour2.3,1.6,ML,Familiar3,1671620630811_000000_20221221NFWC9ORF22g,4,Male,67,No,1
Odour3.1,30.24,ML,Water1,1671620630811_000000_20221221NFWC9ORF22g,4,Male,67,No,1
Odour3.2,0.48,ML,Water2,1671620630811_000000_20221221NFWC9ORF22g,4,Male,67,No,1
Odour3.3,10.4,ML,Water3,1671620630811_000000_20221221NFWC9ORF22g,4,Male,67,No,1
Odour1.1,24.32,ML,Novel1,1671620657662_000000_20221221NFWC9ORF22i,4,Male,67,No,1
Odour1.2,8.4,ML,Novel2,1671620657662_000000_20221221NFWC9ORF22i,4,Male,67,No,1
Odour1.3,7.56,ML,Novel3,1671620657662_000000_20221221NFWC9ORF22i,4,Male,67,No,1
Odour2.1,46.56,ML,Familiar1,1671620657662_000000_20221221NFWC9ORF22i,4,Male,67,No,1
Odour2.2,8.92,ML,Familiar2,1671620657662_000000_20221221NFWC9ORF22i,4,Male,67,No,1
Odour2.3,6.64,ML,Familiar3,1671620657662_000000_20221221NFWC9ORF22i,4,Male,67,No,1
Odour3.1,1.24,ML,Water1,1671620657662_000000_20221221NFWC9ORF22i,4,Male,67,No,0
Odour3.2,2.32,ML,Water2,1671620657662_000000_20221221NFWC9ORF22i,4,Male,67,No,0
Odour3.3,1.36,ML,Water3,1671620657662_000000_20221221NFWC9ORF22i,4,Male,67,No,0
Odour1.1,16.44,ML,Water1,1671623696944_000000_20221221WFNC9ORF32e,2,Male,67,No,1
Odour1.2,1.4,ML,Water2,1671623696944_000000_20221221WFNC9ORF32e,2,Male,67,No,1
Odour1.3,1.52,ML,Water3,1671623696944_000000_20221221WFNC9ORF32e,2,Male,67,No,1
Odour2.1,0,ML,Familiar1,1671623696944_000000_20221221WFNC9ORF32e,2,Male,67,No,0
Odour2.2,0,ML,Familiar2,1671623696944_000000_20221221WFNC9ORF32e,2,Male,67,No,0
Odour2.3,61.16,ML,Familiar3,1671623696944_000000_20221221WFNC9ORF32e,2,Male,67,No,0
Odour3.1,48.52,ML,Novel1,1671623696944_000000_20221221WFNC9ORF32e,2,Male,67,No,1
Odour3.2,33.16,ML,Novel2,1671623696944_000000_20221221WFNC9ORF32e,2,Male,67,No,1
Odour3.3,6.88,ML,Novel3,1671623696944_000000_20221221WFNC9ORF32e,2,Male,67,No,1
Odour1.1,9.96,ML,Water1,1671623717486_000000_20221221WFNC9ORF32h,2,Male,67,No,0
Odour1.2,16,ML,Water2,1671623717486_000000_20221221WFNC9ORF32h,2,Male,67,No,0
Odour1.3,26.52,ML,Water3,1671623717486_000000_20221221WFNC9ORF32h,2,Male,67,No,0
Odour2.1,0.4,ML,Familiar1,1671623717486_000000_20221221WFNC9ORF32h,2,Male,67,No,0
Odour2.2,51.04,ML,Familiar2,1671623717486_000000_20221221WFNC9ORF32h,2,Male,67,No,0
Odour2.3,12,ML,Familiar3,1671623717486_000000_20221221WFNC9ORF32h,2,Male,67,No,0
Odour3.1,10.28,ML,Novel1,1671623717486_000000_20221221WFNC9ORF32h,2,Male,67,No,1
Odour3.2,56.6,ML,Novel2,1671623717486_000000_20221221WFNC9ORF32h,2,Male,67,No,1
Odour3.3,7.12,ML,Novel3,1671623717486_000000_20221221WFNC9ORF32h,2,Male,67,No,1
Odour1.1,9.04,ML,Water1,1671623738374_000000_20221221WFNC9ORF41c,2,Male,67,No,0
Odour1.2,0,ML,Water2,1671623738374_000000_20221221WFNC9ORF41c,2,Male,67,No,0
Odour1.3,0,ML,Water3,1671623738374_000000_20221221WFNC9ORF41c,2,Male,67,No,0
Odour2.1,14.84,ML,Familiar1,1671623738374_000000_20221221WFNC9ORF41c,2,Male,67,No,1
Odour2.2,11.56,ML,Familiar2,1671623738374_000000_20221221WFNC9ORF41c,2,Male,67,No,1
Odour2.3,0,ML,Familiar3,1671623738374_000000_20221221WFNC9ORF41c,2,Male,67,No,1
Odour3.1,2.96,ML,Novel1,1671623738374_000000_20221221WFNC9ORF41c,2,Male,67,No,0
Odour3.2,2.84,ML,Novel2,1671623738374_000000_20221221WFNC9ORF41c,2,Male,67,No,0
Odour3.3,0,ML,Novel3,1671623738374_000000_20221221WFNC9ORF41c,2,Male,67,No,0
Odour1.1,50.16,ML,Familiar1,1671623779451_000000_20221221FNWC9ORF32d,4,Male,67,No,1
Odour1.2,61.2,ML,Familiar2,1671623779451_000000_20221221FNWC9ORF32d,4,Male,67,No,1
Odour1.3,39.92,ML,Familiar3,1671623779451_000000_20221221FNWC9ORF32d,4,Male,67,No,1
Odour2.1,54.68,ML,Novel1,1671623779451_000000_20221221FNWC9ORF32d,4,Male,67,No,1
Odour2.2,65,ML,Novel2,1671623779451_000000_20221221FNWC9ORF32d,4,Male,67,No,1
Odour2.3,81.4,ML,Novel3,1671623779451_000000_20221221FNWC9ORF32d,4,Male,67,No,1
Odour3.1,42.72,ML,Water1,1671623779451_000000_20221221FNWC9ORF32d,4,Male,67,No,1
Odour3.2,67.68,ML,Water2,1671623779451_000000_20221221FNWC9ORF32d,4,Male,67,No,1
Odour3.3,24.76,ML,Water3,1671623779451_000000_20221221FNWC9ORF32d,4,Male,67,No,1
Odour1.1,38.84,ML,Water1,1671623805350_000000_20221221WFNC9ORF51c,4,Male,67,No,1
Odour1.2,50.96,ML,Water2,1671623805350_000000_20221221WFNC9ORF51c,4,Male,67,No,1
Odour1.3,56.48,ML,Water3,1671623805350_000000_20221221WFNC9ORF51c,4,Male,67,No,1
Odour2.1,51.64,ML,Familiar1,1671623805350_000000_20221221WFNC9ORF51c,4,Male,67,No,1
Odour2.2,37.16,ML,Familiar2,1671623805350_000000_20221221WFNC9ORF51c,4,Male,67,No,1
Odour2.3,16.28,ML,Familiar3,1671623805350_000000_20221221WFNC9ORF51c,4,Male,67,No,1
Odour3.1,48.04,ML,Novel1,1671623805350_000000_20221221WFNC9ORF51c,4,Male,67,No,1
Odour3.2,71.2,ML,Novel2,1671623805350_000000_20221221WFNC9ORF51c,4,Male,67,No,1
Odour3.3,36.56,ML,Novel3,1671623805350_000000_20221221WFNC9ORF51c,4,Male,67,No,1
Odour1.1,0,ML,Water1,1671623827407_000000_20221221WFNC9ORF51d,4,Male,67,No,0
Odour1.2,0,ML,Water2,1671623827407_000000_20221221WFNC9ORF51d,4,Male,67,No,0
Odour1.3,24.04,ML,Water3,1671623827407_000000_20221221WFNC9ORF51d,4,Male,67,No,0
Odour2.1,23.32,ML,Familiar1,1671623827407_000000_20221221WFNC9ORF51d,4,Male,67,No,1
Odour2.2,10.28,ML,Familiar2,1671623827407_000000_20221221WFNC9ORF51d,4,Male,67,No,1
Odour2.3,15.08,ML,Familiar3,1671623827407_000000_20221221WFNC9ORF51d,4,Male,67,No,1
Odour3.1,24.04,ML,Novel1,1671623827407_000000_20221221WFNC9ORF51d,4,Male,67,No,1
Odour3.2,0,ML,Novel2,1671623827407_000000_20221221WFNC9ORF51d,4,Male,67,No,1
Odour3.3,24.12,ML,Novel3,1671623827407_000000_20221221WFNC9ORF51d,4,Male,67,No,1
Odour1.1,14.72,ML,Novel1,1675941075620_000000_20230209NFWC9O71d,2,Female,67,No,1
Odour1.2,3.24,ML,Novel2,1675941075620_000000_20230209NFWC9O71d,2,Female,67,No,1
Odour1.3,0,ML,Novel3,1675941075620_000000_20230209NFWC9O71d,2,Female,67,No,1
Odour2.1,11.44,ML,Familiar1,1675941075620_000000_20230209NFWC9O71d,2,Female,67,No,1
Odour2.2,15.4,ML,Familiar2,1675941075620_000000_20230209NFWC9O71d,2,Female,67,No,1
Odour2.3,11.8,ML,Familiar3,1675941075620_000000_20230209NFWC9O71d,2,Female,67,No,1
Odour3.1,8.56,ML,Water1,1675941075620_000000_20230209NFWC9O71d,2,Female,67,No,0
Odour3.2,0,ML,Water2,1675941075620_000000_20230209NFWC9O71d,2,Female,67,No,0
Odour3.3,0,ML,Water3,1675941075620_000000_20230209NFWC9O71d,2,Female,67,No,0
Odour1.1,10.8,ML,Familiar1,1675941125084_000000_20230209FNWC9O61a,4,Female,67,No,1
Odour1.2,1.56,ML,Familiar2,1675941125084_000000_20230209FNWC9O61a,4,Female,67,No,1
Odour1.3,5.44,ML,Familiar3,1675941125084_000000_20230209FNWC9O61a,4,Female,67,No,1
Odour2.1,17.08,ML,Novel1,1675941125084_000000_20230209FNWC9O61a,4,Female,67,No,1
Odour2.2,3.08,ML,Novel2,1675941125084_000000_20230209FNWC9O61a,4,Female,67,No,1
Odour2.3,10.32,ML,Novel3,1675941125084_000000_20230209FNWC9O61a,4,Female,67,No,1
Odour3.1,2.48,ML,Water1,1675941125084_000000_20230209FNWC9O61a,4,Female,67,No,0
Odour3.2,0,ML,Water2,1675941125084_000000_20230209FNWC9O61a,4,Female,67,No,0
Odour3.3,6,ML,Water3,1675941125084_000000_20230209FNWC9O61a,4,Female,67,No,0
Odour1.1,28.96,ML,Familiar1,1675943892048_000000_20230209FNWC9O62c,4,Male,67,No,1
Odour1.2,26.04,ML,Familiar2,1675943892048_000000_20230209FNWC9O62c,4,Male,67,No,1
Odour1.3,9.56,ML,Familiar3,1675943892048_000000_20230209FNWC9O62c,4,Male,67,No,1
Odour2.1,36.84,ML,Novel1,1675943892048_000000_20230209FNWC9O62c,4,Male,67,No,1
Odour2.2,0.6,ML,Novel2,1675943892048_000000_20230209FNWC9O62c,4,Male,67,No,1
Odour2.3,14,ML,Novel3,1675943892048_000000_20230209FNWC9O62c,4,Male,67,No,1
Odour3.1,24.08,ML,Water1,1675943892048_000000_20230209FNWC9O62c,4,Male,67,No,1
Odour3.2,6.68,ML,Water2,1675943892048_000000_20230209FNWC9O62c,4,Male,67,No,1
Odour3.3,1.72,ML,Water3,1675943892048_000000_20230209FNWC9O62c,4,Male,67,No,1
