Odour_presentation,Duration_sniffing,Odour_type_presentation,Video_id,Source,Genotype,Sex,Age,Filtered,Status
Odour1.1,7.5,Novel1,1639648004702_000000_20211216NFWTDP4311a,Manual,G,Female,15,No,0
Odour1.2,21.3,Novel2,1639648004702_000000_20211216NFWTDP4311a,Manual,G,Female,15,No,0
Odour1.3,1.1,Novel3,1639648004702_000000_20211216NFWTDP4311a,Manual,G,Female,15,No,0
Odour2.1,4,Familiar1,1639648004702_000000_20211216NFWTDP4311a,Manual,G,Female,15,No,0
Odour2.2,0,Familiar2,1639648004702_000000_20211216NFWTDP4311a,Manual,G,Female,15,No,0
Odour2.3,0,Familiar3,1639648004702_000000_20211216NFWTDP4311a,Manual,G,Female,15,No,0
Odour3.1,19.4,Water1,1639648004702_000000_20211216NFWTDP4311a,Manual,G,Female,15,No,1
Odour3.2,11.8,Water2,1639648004702_000000_20211216NFWTDP4311a,Manual,G,Female,15,No,1
Odour3.3,0,Water3,1639648004702_000000_20211216NFWTDP4311a,Manual,G,Female,15,No,1
Odour1.1,25.7,Familiar1,1639654701381_000000_20211216FNWTDP4321b,Manual,H,Female,15,No,1
Odour1.2,9.6,Familiar2,1639654701381_000000_20211216FNWTDP4321b,Manual,H,Female,15,No,1
Odour1.3,2.3,Familiar3,1639654701381_000000_20211216FNWTDP4321b,Manual,H,Female,15,No,1
Odour2.1,4.8,Novel1,1639654701381_000000_20211216FNWTDP4321b,Manual,H,Female,15,No,0
Odour2.2,6.7,Novel2,1639654701381_000000_20211216FNWTDP4321b,Manual,H,Female,15,No,0
Odour2.3,1.6,Novel3,1639654701381_000000_20211216FNWTDP4321b,Manual,H,Female,15,No,0
Odour3.1,19.4,Water1,1639654701381_000000_20211216FNWTDP4321b,Manual,H,Female,15,No,1
Odour3.2,0.3,Water2,1639654701381_000000_20211216FNWTDP4321b,Manual,H,Female,15,No,1
Odour3.3,0,Water3,1639654701381_000000_20211216FNWTDP4321b,Manual,H,Female,15,No,1
Odour1.1,14.8,Novel1,1639654878289_000000_20211216NFWTDP4322d,Manual,H,Female,15,No,1
Odour1.2,5.5,Novel2,1639654878289_000000_20211216NFWTDP4322d,Manual,H,Female,15,No,1
Odour1.3,12.7,Novel3,1639654878289_000000_20211216NFWTDP4322d,Manual,H,Female,15,No,1
Odour2.1,5.1,Familiar1,1639654878289_000000_20211216NFWTDP4322d,Manual,H,Female,15,No,0
Odour2.2,1.6,Familiar2,1639654878289_000000_20211216NFWTDP4322d,Manual,H,Female,15,No,0
Odour2.3,0,Familiar3,1639654878289_000000_20211216NFWTDP4322d,Manual,H,Female,15,No,0
Odour3.1,4.6,Water1,1639654878289_000000_20211216NFWTDP4322d,Manual,H,Female,15,No,0
Odour3.2,6.2,Water2,1639654878289_000000_20211216NFWTDP4322d,Manual,H,Female,15,No,0
Odour3.3,2.6,Water3,1639654878289_000000_20211216NFWTDP4322d,Manual,H,Female,15,No,0
Odour1.1,19,Novel1,1639654911074_000000_20211216NFWTDP4332a,Manual,H,Female,15,No,1
Odour1.2,5.3,Novel2,1639654911074_000000_20211216NFWTDP4332a,Manual,H,Female,15,No,1
Odour1.3,1.2,Novel3,1639654911074_000000_20211216NFWTDP4332a,Manual,H,Female,15,No,1
Odour2.1,19.7,Familiar1,1639654911074_000000_20211216NFWTDP4332a,Manual,H,Female,15,No,1
Odour2.2,2.5,Familiar2,1639654911074_000000_20211216NFWTDP4332a,Manual,H,Female,15,No,1
Odour2.3,5.5,Familiar3,1639654911074_000000_20211216NFWTDP4332a,Manual,H,Female,15,No,1
Odour3.1,9.4,Water1,1639654911074_000000_20211216NFWTDP4332a,Manual,H,Female,15,No,0
Odour3.2,3.4,Water2,1639654911074_000000_20211216NFWTDP4332a,Manual,H,Female,15,No,0
Odour3.3,0.7,Water3,1639654911074_000000_20211216NFWTDP4332a,Manual,H,Female,15,No,0
Odour1.1,57,Novel1,1639654945839_000000_20211216NFWTDP4361c,Manual,H,Female,15,No,1
Odour1.2,13.8,Novel2,1639654945839_000000_20211216NFWTDP4361c,Manual,H,Female,15,No,1
Odour1.3,7.3,Novel3,1639654945839_000000_20211216NFWTDP4361c,Manual,H,Female,15,No,1
Odour2.1,15.3,Familiar1,1639654945839_000000_20211216NFWTDP4361c,Manual,H,Female,15,No,1
Odour2.2,13,Familiar2,1639654945839_000000_20211216NFWTDP4361c,Manual,H,Female,15,No,1
Odour2.3,12.1,Familiar3,1639654945839_000000_20211216NFWTDP4361c,Manual,H,Female,15,No,1
Odour3.1,4.1,Water1,1639654945839_000000_20211216NFWTDP4361c,Manual,H,Female,15,No,0
Odour3.2,7.1,Water2,1639654945839_000000_20211216NFWTDP4361c,Manual,H,Female,15,No,0
Odour3.3,6.1,Water3,1639654945839_000000_20211216NFWTDP4361c,Manual,H,Female,15,No,0
Odour1.1,29.2,Familiar1,1639657412770_000000_20211216FNWTDP4311f,Manual,H,Male,15,No,1
Odour1.2,19.3,Familiar2,1639657412770_000000_20211216FNWTDP4311f,Manual,H,Male,15,No,1
Odour1.3,27.1,Familiar3,1639657412770_000000_20211216FNWTDP4311f,Manual,H,Male,15,No,1
Odour2.1,19.5,Novel1,1639657412770_000000_20211216FNWTDP4311f,Manual,H,Male,15,No,1
Odour2.2,7,Novel2,1639657412770_000000_20211216FNWTDP4311f,Manual,H,Male,15,No,1
Odour2.3,0,Novel3,1639657412770_000000_20211216FNWTDP4311f,Manual,H,Male,15,No,1
Odour3.1,9,Water1,1639657412770_000000_20211216FNWTDP4311f,Manual,H,Male,15,No,0
Odour3.2,0,Water2,1639657412770_000000_20211216FNWTDP4311f,Manual,H,Male,15,No,0
Odour3.3,0,Water3,1639657412770_000000_20211216FNWTDP4311f,Manual,H,Male,15,No,0
Odour1.1,23.1,Familiar1,1639657513165_000000_20211216FNWTDP4361g,Manual,H,Male,15,No,1
Odour1.2,29.9,Familiar2,1639657513165_000000_20211216FNWTDP4361g,Manual,H,Male,15,No,1
Odour1.3,12.4,Familiar3,1639657513165_000000_20211216FNWTDP4361g,Manual,H,Male,15,No,1
Odour2.1,24.9,Novel1,1639657513165_000000_20211216FNWTDP4361g,Manual,H,Male,15,No,1
Odour2.2,40.3,Novel2,1639657513165_000000_20211216FNWTDP4361g,Manual,H,Male,15,No,1
Odour2.3,20.1,Novel3,1639657513165_000000_20211216FNWTDP4361g,Manual,H,Male,15,No,1
Odour3.1,18.6,Water1,1639657513165_000000_20211216FNWTDP4361g,Manual,H,Male,15,No,1
Odour3.2,7.3,Water2,1639657513165_000000_20211216FNWTDP4361g,Manual,H,Male,15,No,1
Odour3.3,0,Water3,1639657513165_000000_20211216FNWTDP4361g,Manual,H,Male,15,No,1
Odour1.1,13.7,Water1,1639657662975_000000_20211216WFNTDP4311i,Manual,G,Male,15,No,1
Odour1.2,0.3,Water2,1639657662975_000000_20211216WFNTDP4311i,Manual,G,Male,15,No,1
Odour1.3,0,Water3,1639657662975_000000_20211216WFNTDP4311i,Manual,G,Male,15,No,1
Odour2.1,29.2,Familiar1,1639657662975_000000_20211216WFNTDP4311i,Manual,G,Male,15,No,1
Odour2.2,23.6,Familiar2,1639657662975_000000_20211216WFNTDP4311i,Manual,G,Male,15,No,1
Odour2.3,4.5,Familiar3,1639657662975_000000_20211216WFNTDP4311i,Manual,G,Male,15,No,1
Odour3.1,0,Novel1,1639657662975_000000_20211216WFNTDP4311i,Manual,G,Male,15,No,0
Odour3.2,0,Novel2,1639657662975_000000_20211216WFNTDP4311i,Manual,G,Male,15,No,0
Odour3.3,0,Novel3,1639657662975_000000_20211216WFNTDP4311i,Manual,G,Male,15,No,0
Odour1.1,4.9,Water1,1639657707616_000000_20211216WFNTDP4391h,Manual,G,Male,15,No,0
Odour1.2,0,Water2,1639657707616_000000_20211216WFNTDP4391h,Manual,G,Male,15,No,0
Odour1.3,18,Water3,1639657707616_000000_20211216WFNTDP4391h,Manual,G,Male,15,No,0
Odour2.1,47.8,Familiar1,1639657707616_000000_20211216WFNTDP4391h,Manual,G,Male,15,No,1
Odour2.2,12.9,Familiar2,1639657707616_000000_20211216WFNTDP4391h,Manual,G,Male,15,No,1
Odour2.3,7.8,Familiar3,1639657707616_000000_20211216WFNTDP4391h,Manual,G,Male,15,No,1
Odour3.1,9,Novel1,1639657707616_000000_20211216WFNTDP4391h,Manual,G,Male,15,No,0
Odour3.2,6.3,Novel2,1639657707616_000000_20211216WFNTDP4391h,Manual,G,Male,15,No,0
Odour3.3,0,Novel3,1639657707616_000000_20211216WFNTDP4391h,Manual,G,Male,15,No,0
Odour1.1,32.5,Novel1,1639663160017_000000_20211216NFWTDP4311h,Manual,H,Male,15,No,1
Odour1.2,28.7,Novel2,1639663160017_000000_20211216NFWTDP4311h,Manual,H,Male,15,No,1
Odour1.3,27,Novel3,1639663160017_000000_20211216NFWTDP4311h,Manual,H,Male,15,No,1
Odour2.1,10.2,Familiar1,1639663160017_000000_20211216NFWTDP4311h,Manual,H,Male,15,No,1
Odour2.2,11.4,Familiar2,1639663160017_000000_20211216NFWTDP4311h,Manual,H,Male,15,No,1
Odour2.3,0,Familiar3,1639663160017_000000_20211216NFWTDP4311h,Manual,H,Male,15,No,1
Odour3.1,12.3,Water1,1639663160017_000000_20211216NFWTDP4311h,Manual,H,Male,15,No,1
Odour3.2,0,Water2,1639663160017_000000_20211216NFWTDP4311h,Manual,H,Male,15,No,1
Odour3.3,0,Water3,1639663160017_000000_20211216NFWTDP4311h,Manual,H,Male,15,No,1
Odour1.1,21.7,Novel1,1639663198143_000000_20211216NFWTDP4381d,Manual,H,Male,15,No,1
Odour1.2,10.3,Novel2,1639663198143_000000_20211216NFWTDP4381d,Manual,H,Male,15,No,1
Odour1.3,17.8,Novel3,1639663198143_000000_20211216NFWTDP4381d,Manual,H,Male,15,No,1
Odour2.1,10,Familiar1,1639663198143_000000_20211216NFWTDP4381d,Manual,H,Male,15,No,1
Odour2.2,0.2,Familiar2,1639663198143_000000_20211216NFWTDP4381d,Manual,H,Male,15,No,1
Odour2.3,0,Familiar3,1639663198143_000000_20211216NFWTDP4381d,Manual,H,Male,15,No,1
Odour3.1,12.9,Water1,1639663198143_000000_20211216NFWTDP4381d,Manual,H,Male,15,No,1
Odour3.2,15,Water2,1639663198143_000000_20211216NFWTDP4381d,Manual,H,Male,15,No,1
Odour3.3,0,Water3,1639663198143_000000_20211216NFWTDP4381d,Manual,H,Male,15,No,1
Odour1.1,17.8,Novel1,1639663244146_000000_20211216NFWTDP4391g,Manual,H,Male,15,No,1
Odour1.2,5.1,Novel2,1639663244146_000000_20211216NFWTDP4391g,Manual,H,Male,15,No,1
Odour1.3,0,Novel3,1639663244146_000000_20211216NFWTDP4391g,Manual,H,Male,15,No,1
Odour2.1,9.4,Familiar1,1639663244146_000000_20211216NFWTDP4391g,Manual,H,Male,15,No,0
Odour2.2,9.6,Familiar2,1639663244146_000000_20211216NFWTDP4391g,Manual,H,Male,15,No,0
Odour2.3,29.9,Familiar3,1639663244146_000000_20211216NFWTDP4391g,Manual,H,Male,15,No,0
Odour3.1,11.4,Water1,1639663244146_000000_20211216NFWTDP4391g,Manual,H,Male,15,No,1
Odour3.2,0,Water2,1639663244146_000000_20211216NFWTDP4391g,Manual,H,Male,15,No,1
Odour3.3,0,Water3,1639663244146_000000_20211216NFWTDP4391g,Manual,H,Male,15,No,1
Odour1.1,33.9,Novel1,1645002557994_000000_20220216NWFTDP4312b,Manual,G,Female,15,No,1
Odour1.2,47.7,Novel2,1645002557994_000000_20220216NWFTDP4312b,Manual,G,Female,15,No,1
Odour1.3,24.2,Novel3,1645002557994_000000_20220216NWFTDP4312b,Manual,G,Female,15,No,1
Odour2.1,28.4,Water1,1645002557994_000000_20220216NWFTDP4312b,Manual,G,Female,15,No,1
Odour2.2,30.1,Water2,1645002557994_000000_20220216NWFTDP4312b,Manual,G,Female,15,No,1
Odour2.3,5,Water3,1645002557994_000000_20220216NWFTDP4312b,Manual,G,Female,15,No,1
Odour3.1,65.5,Familiar1,1645002557994_000000_20220216NWFTDP4312b,Manual,G,Female,15,No,1
Odour3.2,33.6,Familiar2,1645002557994_000000_20220216NWFTDP4312b,Manual,G,Female,15,No,1
Odour3.3,29.8,Familiar3,1645002557994_000000_20220216NWFTDP4312b,Manual,G,Female,15,No,1
Odour1.1,46.3,Novel1,1645002629680_000000_20220216NWFTDP4323c,Manual,G,Female,15,No,1
Odour1.2,35.3,Novel2,1645002629680_000000_20220216NWFTDP4323c,Manual,G,Female,15,No,1
Odour1.3,5.4,Novel3,1645002629680_000000_20220216NWFTDP4323c,Manual,G,Female,15,No,1
Odour2.1,13.1,Water1,1645002629680_000000_20220216NWFTDP4323c,Manual,G,Female,15,No,1
Odour2.2,5,Water2,1645002629680_000000_20220216NWFTDP4323c,Manual,G,Female,15,No,1
Odour2.3,8.7,Water3,1645002629680_000000_20220216NWFTDP4323c,Manual,G,Female,15,No,1
Odour3.1,30.4,Familiar1,1645002629680_000000_20220216NWFTDP4323c,Manual,G,Female,15,No,1
Odour3.2,15.9,Familiar2,1645002629680_000000_20220216NWFTDP4323c,Manual,G,Female,15,No,1
Odour3.3,8.6,Familiar3,1645002629680_000000_20220216NWFTDP4323c,Manual,G,Female,15,No,1
Odour1.1,23.2,Novel1,1645002664740_000000_20220216NWFTDP4342e,Manual,G,Female,15,No,1
Odour1.2,18.4,Novel2,1645002664740_000000_20220216NWFTDP4342e,Manual,G,Female,15,No,1
Odour1.3,12.1,Novel3,1645002664740_000000_20220216NWFTDP4342e,Manual,G,Female,15,No,1
Odour2.1,27.1,Water1,1645002664740_000000_20220216NWFTDP4342e,Manual,G,Female,15,No,1
Odour2.2,9.5,Water2,1645002664740_000000_20220216NWFTDP4342e,Manual,G,Female,15,No,1
Odour2.3,4.4,Water3,1645002664740_000000_20220216NWFTDP4342e,Manual,G,Female,15,No,1
Odour3.1,31.1,Familiar1,1645002664740_000000_20220216NWFTDP4342e,Manual,G,Female,15,No,1
Odour3.2,18.5,Familiar2,1645002664740_000000_20220216NWFTDP4342e,Manual,G,Female,15,No,1
Odour3.3,11.3,Familiar3,1645002664740_000000_20220216NWFTDP4342e,Manual,G,Female,15,No,1
Odour1.1,15.8,Novel1,1645002721824_000000_20220216NFWTDP4312e,Manual,H,Female,15,No,1
Odour1.2,18.4,Novel2,1645002721824_000000_20220216NFWTDP4312e,Manual,H,Female,15,No,1
Odour1.3,7.7,Novel3,1645002721824_000000_20220216NFWTDP4312e,Manual,H,Female,15,No,1
Odour2.1,20.4,Familiar1,1645002721824_000000_20220216NFWTDP4312e,Manual,H,Female,15,No,1
Odour2.2,16.9,Familiar2,1645002721824_000000_20220216NFWTDP4312e,Manual,H,Female,15,No,1
Odour2.3,21.6,Familiar3,1645002721824_000000_20220216NFWTDP4312e,Manual,H,Female,15,No,1
Odour3.1,31.1,Water1,1645002721824_000000_20220216NFWTDP4312e,Manual,H,Female,15,No,1
Odour3.2,4,Water2,1645002721824_000000_20220216NFWTDP4312e,Manual,H,Female,15,No,1
Odour3.3,4.9,Water3,1645002721824_000000_20220216NFWTDP4312e,Manual,H,Female,15,No,1
Odour1.1,20.5,Novel1,1645002760785_000000_20220216NFWTDP4324c,Manual,H,Female,15,No,1
Odour1.2,3.7,Novel2,1645002760785_000000_20220216NFWTDP4324c,Manual,H,Female,15,No,1
Odour1.3,19,Novel3,1645002760785_000000_20220216NFWTDP4324c,Manual,H,Female,15,No,1
Odour2.1,19.6,Familiar1,1645002760785_000000_20220216NFWTDP4324c,Manual,H,Female,15,No,1
Odour2.2,13.1,Familiar2,1645002760785_000000_20220216NFWTDP4324c,Manual,H,Female,15,No,1
Odour2.3,2.4,Familiar3,1645002760785_000000_20220216NFWTDP4324c,Manual,H,Female,15,No,1
Odour3.1,1.9,Water1,1645002760785_000000_20220216NFWTDP4324c,Manual,H,Female,15,No,0
Odour3.2,5.6,Water2,1645002760785_000000_20220216NFWTDP4324c,Manual,H,Female,15,No,0
Odour3.3,4.3,Water3,1645002760785_000000_20220216NFWTDP4324c,Manual,H,Female,15,No,0
Odour1.1,32.9,Novel1,1645002792388_000000_20220216NFWTDP4342b,Manual,H,Female,15,No,1
Odour1.2,11.3,Novel2,1645002792388_000000_20220216NFWTDP4342b,Manual,H,Female,15,No,1
Odour1.3,11.7,Novel3,1645002792388_000000_20220216NFWTDP4342b,Manual,H,Female,15,No,1
Odour2.1,23.9,Familiar1,1645002792388_000000_20220216NFWTDP4342b,Manual,H,Female,15,No,1
Odour2.2,10.2,Familiar2,1645002792388_000000_20220216NFWTDP4342b,Manual,H,Female,15,No,1
Odour2.3,33.2,Familiar3,1645002792388_000000_20220216NFWTDP4342b,Manual,H,Female,15,No,1
Odour3.1,32.5,Water1,1645002792388_000000_20220216NFWTDP4342b,Manual,H,Female,15,No,1
Odour3.2,8.4,Water2,1645002792388_000000_20220216NFWTDP4342b,Manual,H,Female,15,No,1
Odour3.3,4,Water3,1645002792388_000000_20220216NFWTDP4342b,Manual,H,Female,15,No,1
Odour1.1,19.5,Familiar1,1645005524338_000000_20220216FNWTDP4323b,Manual,H,Female,15,No,1
Odour1.2,0,Familiar2,1645005524338_000000_20220216FNWTDP4323b,Manual,H,Female,15,No,1
Odour1.3,0,Familiar3,1645005524338_000000_20220216FNWTDP4323b,Manual,H,Female,15,No,1
Odour2.1,0,Novel1,1645005524338_000000_20220216FNWTDP4323b,Manual,H,Female,15,No,0
Odour2.2,0,Novel2,1645005524338_000000_20220216FNWTDP4323b,Manual,H,Female,15,No,0
Odour2.3,0,Novel3,1645005524338_000000_20220216FNWTDP4323b,Manual,H,Female,15,No,0
Odour3.1,0,Water1,1645005524338_000000_20220216FNWTDP4323b,Manual,H,Female,15,No,0
Odour3.2,0,Water2,1645005524338_000000_20220216FNWTDP4323b,Manual,H,Female,15,No,0
Odour3.3,0,Water3,1645005524338_000000_20220216FNWTDP4323b,Manual,H,Female,15,No,0
Odour1.1,0,Water1,1645005796620_000000_120220216WFNTDP4362d,Manual,G,Female,15,No,0
Odour1.2,0,Water2,1645005796620_000000_120220216WFNTDP4362d,Manual,G,Female,15,No,0
Odour1.3,0,Water3,1645005796620_000000_120220216WFNTDP4362d,Manual,G,Female,15,No,0
Odour2.1,19.6,Familiar1,1645005796620_000000_120220216WFNTDP4362d,Manual,G,Female,15,No,1
Odour2.2,0,Familiar2,1645005796620_000000_120220216WFNTDP4362d,Manual,G,Female,15,No,1
Odour2.3,4,Familiar3,1645005796620_000000_120220216WFNTDP4362d,Manual,G,Female,15,No,1
Odour3.1,17.7,Novel1,1645005796620_000000_120220216WFNTDP4362d,Manual,G,Female,15,No,1
Odour3.2,5.4,Novel2,1645005796620_000000_120220216WFNTDP4362d,Manual,G,Female,15,No,1
Odour3.3,3.1,Novel3,1645005796620_000000_120220216WFNTDP4362d,Manual,G,Female,15,No,1
Odour1.1,8.7,Water1,1645005820655_000000_120220216WFNTDP4382c,Manual,G,Female,15,No,0
Odour1.2,0,Water2,1645005820655_000000_120220216WFNTDP4382c,Manual,G,Female,15,No,0
Odour1.3,7.6,Water3,1645005820655_000000_120220216WFNTDP4382c,Manual,G,Female,15,No,0
Odour2.1,42.4,Familiar1,1645005820655_000000_120220216WFNTDP4382c,Manual,G,Female,15,No,1
Odour2.2,0,Familiar2,1645005820655_000000_120220216WFNTDP4382c,Manual,G,Female,15,No,1
Odour2.3,6,Familiar3,1645005820655_000000_120220216WFNTDP4382c,Manual,G,Female,15,No,1
Odour3.1,29.2,Novel1,1645005820655_000000_120220216WFNTDP4382c,Manual,G,Female,15,No,1
Odour3.2,0,Novel2,1645005820655_000000_120220216WFNTDP4382c,Manual,G,Female,15,No,1
Odour3.3,0,Novel3,1645005820655_000000_120220216WFNTDP4382c,Manual,G,Female,15,No,1
Odour1.1,11.2,Familiar1,1645010806237_000000_120220216FNWTDP4323g,Manual,G,Male,15,No,1
Odour1.2,22.9,Familiar2,1645010806237_000000_120220216FNWTDP4323g,Manual,G,Male,15,No,1
Odour1.3,15.7,Familiar3,1645010806237_000000_120220216FNWTDP4323g,Manual,G,Male,15,No,1
Odour2.1,21.4,Novel1,1645010806237_000000_120220216FNWTDP4323g,Manual,G,Male,15,No,1
Odour2.2,7.1,Novel2,1645010806237_000000_120220216FNWTDP4323g,Manual,G,Male,15,No,1
Odour2.3,0.7,Novel3,1645010806237_000000_120220216FNWTDP4323g,Manual,G,Male,15,No,1
Odour3.1,22.7,Water1,1645010806237_000000_120220216FNWTDP4323g,Manual,G,Male,15,No,1
Odour3.2,2,Water2,1645010806237_000000_120220216FNWTDP4323g,Manual,G,Male,15,No,1
Odour3.3,5.3,Water3,1645010806237_000000_120220216FNWTDP4323g,Manual,G,Male,15,No,1
Odour1.1,20,Familiar1,1645010829962_000000_120220216FNWTDP4333i,Manual,G,Male,15,No,1
Odour1.2,9.5,Familiar2,1645010829962_000000_120220216FNWTDP4333i,Manual,G,Male,15,No,1
Odour1.3,0.8,Familiar3,1645010829962_000000_120220216FNWTDP4333i,Manual,G,Male,15,No,1
Odour2.1,45.8,Novel1,1645010829962_000000_120220216FNWTDP4333i,Manual,G,Male,15,No,1
Odour2.2,33.8,Novel2,1645010829962_000000_120220216FNWTDP4333i,Manual,G,Male,15,No,1
Odour2.3,11.9,Novel3,1645010829962_000000_120220216FNWTDP4333i,Manual,G,Male,15,No,1
Odour3.1,7.1,Water1,1645010829962_000000_120220216FNWTDP4333i,Manual,G,Male,15,No,0
Odour3.2,0.4,Water2,1645010829962_000000_120220216FNWTDP4333i,Manual,G,Male,15,No,0
Odour3.3,1.4,Water3,1645010829962_000000_120220216FNWTDP4333i,Manual,G,Male,15,No,0
Odour1.1,33.7,Novel1,1645010914730_000000_120220216NWFTDP4323f,Manual,G,Male,15,No,1
Odour1.2,10.7,Novel2,1645010914730_000000_120220216NWFTDP4323f,Manual,G,Male,15,No,1
Odour1.3,12.9,Novel3,1645010914730_000000_120220216NWFTDP4323f,Manual,G,Male,15,No,1
Odour2.1,14.5,Water1,1645010914730_000000_120220216NWFTDP4323f,Manual,G,Male,15,No,1
Odour2.2,8,Water2,1645010914730_000000_120220216NWFTDP4323f,Manual,G,Male,15,No,1
Odour2.3,1.2,Water3,1645010914730_000000_120220216NWFTDP4323f,Manual,G,Male,15,No,1
Odour3.1,21.1,Familiar1,1645010914730_000000_120220216NWFTDP4323f,Manual,G,Male,15,No,1
Odour3.2,0.3,Familiar2,1645010914730_000000_120220216NWFTDP4323f,Manual,G,Male,15,No,1
Odour3.3,0,Familiar3,1645010914730_000000_120220216NWFTDP4323f,Manual,G,Male,15,No,1
Odour1.1,32.7,Novel1,1645010941753_000000_120220216NWFTDP4333h,Manual,G,Male,15,No,1
Odour1.2,25,Novel2,1645010941753_000000_120220216NWFTDP4333h,Manual,G,Male,15,No,1
Odour1.3,4.6,Novel3,1645010941753_000000_120220216NWFTDP4333h,Manual,G,Male,15,No,1
Odour2.1,15.2,Water1,1645010941753_000000_120220216NWFTDP4333h,Manual,G,Male,15,No,1
Odour2.2,1.8,Water2,1645010941753_000000_120220216NWFTDP4333h,Manual,G,Male,15,No,1
Odour2.3,0,Water3,1645010941753_000000_120220216NWFTDP4333h,Manual,G,Male,15,No,1
Odour3.1,0,Familiar1,1645010941753_000000_120220216NWFTDP4333h,Manual,G,Male,15,No,0
Odour3.2,0,Familiar2,1645010941753_000000_120220216NWFTDP4333h,Manual,G,Male,15,No,0
Odour3.3,0,Familiar3,1645010941753_000000_120220216NWFTDP4333h,Manual,G,Male,15,No,0
Odour1.1,38,Novel1,1645010974796_000000_120220216NWFTDP4351g,Manual,G,Male,15,No,1
Odour1.2,22.2,Novel2,1645010974796_000000_120220216NWFTDP4351g,Manual,G,Male,15,No,1
Odour1.3,4.7,Novel3,1645010974796_000000_120220216NWFTDP4351g,Manual,G,Male,15,No,1
Odour2.1,17.3,Water1,1645010974796_000000_120220216NWFTDP4351g,Manual,G,Male,15,No,1
Odour2.2,0,Water2,1645010974796_000000_120220216NWFTDP4351g,Manual,G,Male,15,No,1
Odour2.3,0,Water3,1645010974796_000000_120220216NWFTDP4351g,Manual,G,Male,15,No,1
Odour3.1,23.1,Familiar1,1645010974796_000000_120220216NWFTDP4351g,Manual,G,Male,15,No,1
Odour3.2,6.1,Familiar2,1645010974796_000000_120220216NWFTDP4351g,Manual,G,Male,15,No,1
Odour3.3,0,Familiar3,1645010974796_000000_120220216NWFTDP4351g,Manual,G,Male,15,No,1
Odour1.1,46.5,Novel1,1645013391217_000000_120220216NWFTDP4371e,Manual,H,Male,15,No,1
Odour1.2,78.9,Novel2,1645013391217_000000_120220216NWFTDP4371e,Manual,H,Male,15,No,1
Odour1.3,74.7,Novel3,1645013391217_000000_120220216NWFTDP4371e,Manual,H,Male,15,No,1
Odour2.1,40.1,Water1,1645013391217_000000_120220216NWFTDP4371e,Manual,H,Male,15,No,1
Odour2.2,31.6,Water2,1645013391217_000000_120220216NWFTDP4371e,Manual,H,Male,15,No,1
Odour2.3,4.3,Water3,1645013391217_000000_120220216NWFTDP4371e,Manual,H,Male,15,No,1
Odour3.1,70.8,Familiar1,1645013391217_000000_120220216NWFTDP4371e,Manual,H,Male,15,No,1
Odour3.2,46.3,Familiar2,1645013391217_000000_120220216NWFTDP4371e,Manual,H,Male,15,No,1
Odour3.3,7.5,Familiar3,1645013391217_000000_120220216NWFTDP4371e,Manual,H,Male,15,No,1
Odour1.1,13.4,Novel1,1645092945395_000000_20220217NFWTDP4333m,Manual,G,Male,15,No,1
Odour1.2,8.5,Novel2,1645092945395_000000_20220217NFWTDP4333m,Manual,G,Male,15,No,1
Odour1.3,13.6,Novel3,1645092945395_000000_20220217NFWTDP4333m,Manual,G,Male,15,No,1
Odour2.1,19.2,Familiar1,1645092945395_000000_20220217NFWTDP4333m,Manual,G,Male,15,No,1
Odour2.2,16.3,Familiar2,1645092945395_000000_20220217NFWTDP4333m,Manual,G,Male,15,No,1
Odour2.3,16.1,Familiar3,1645092945395_000000_20220217NFWTDP4333m,Manual,G,Male,15,No,1
Odour3.1,23,Water1,1645092945395_000000_20220217NFWTDP4333m,Manual,G,Male,15,No,1
Odour3.2,19.3,Water2,1645092945395_000000_20220217NFWTDP4333m,Manual,G,Male,15,No,1
Odour3.3,33,Water3,1645092945395_000000_20220217NFWTDP4333m,Manual,G,Male,15,No,1
Odour1.1,2.5,Novel1,1645092997309_000000_20220217NFWTDP4392f,Manual,G,Male,15,No,0
Odour1.2,14.5,Novel2,1645092997309_000000_20220217NFWTDP4392f,Manual,G,Male,15,No,0
Odour1.3,6,Novel3,1645092997309_000000_20220217NFWTDP4392f,Manual,G,Male,15,No,0
Odour2.1,2.6,Familiar1,1645092997309_000000_20220217NFWTDP4392f,Manual,G,Male,15,No,0
Odour2.2,2.9,Familiar2,1645092997309_000000_20220217NFWTDP4392f,Manual,G,Male,15,No,0
Odour2.3,3,Familiar3,1645092997309_000000_20220217NFWTDP4392f,Manual,G,Male,15,No,0
Odour3.1,17.1,Water1,1645092997309_000000_20220217NFWTDP4392f,Manual,G,Male,15,No,1
Odour3.2,3.1,Water2,1645092997309_000000_20220217NFWTDP4392f,Manual,G,Male,15,No,1
Odour3.3,4.6,Water3,1645092997309_000000_20220217NFWTDP4392f,Manual,G,Male,15,No,1
Odour1.1,16,Water1,1645095153167_000000_20220217WFNTDP4333n,Manual,H,Male,15,No,1
Odour1.2,17.8,Water2,1645095153167_000000_20220217WFNTDP4333n,Manual,H,Male,15,No,1
Odour1.3,1.1,Water3,1645095153167_000000_20220217WFNTDP4333n,Manual,H,Male,15,No,1
Odour2.1,58.7,Familiar1,1645095153167_000000_20220217WFNTDP4333n,Manual,H,Male,15,No,1
Odour2.2,22,Familiar2,1645095153167_000000_20220217WFNTDP4333n,Manual,H,Male,15,No,1
Odour2.3,6.9,Familiar3,1645095153167_000000_20220217WFNTDP4333n,Manual,H,Male,15,No,1
Odour3.1,12,Novel1,1645095153167_000000_20220217WFNTDP4333n,Manual,H,Male,15,No,1
Odour3.2,4.1,Novel2,1645095153167_000000_20220217WFNTDP4333n,Manual,H,Male,15,No,1
Odour3.3,6.1,Novel3,1645095153167_000000_20220217WFNTDP4333n,Manual,H,Male,15,No,1
Odour1.1,16.2,Water1,1645095205581_000000_20220217WFNTDP4392c,Manual,H,Male,15,No,1
Odour1.2,1.4,Water2,1645095205581_000000_20220217WFNTDP4392c,Manual,H,Male,15,No,1
Odour1.3,4,Water3,1645095205581_000000_20220217WFNTDP4392c,Manual,H,Male,15,No,1
Odour2.1,18.2,Familiar1,1645095205581_000000_20220217WFNTDP4392c,Manual,H,Male,15,No,1
Odour2.2,1.7,Familiar2,1645095205581_000000_20220217WFNTDP4392c,Manual,H,Male,15,No,1
Odour2.3,8.4,Familiar3,1645095205581_000000_20220217WFNTDP4392c,Manual,H,Male,15,No,1
Odour3.1,4.1,Novel1,1645095205581_000000_20220217WFNTDP4392c,Manual,H,Male,15,No,0
Odour3.2,0,Novel2,1645095205581_000000_20220217WFNTDP4392c,Manual,H,Male,15,No,0
Odour3.3,0,Novel3,1645095205581_000000_20220217WFNTDP4392c,Manual,H,Male,15,No,0
Odour1.1,7.52,Novel1,1639648004702_000000_20211216NFWTDP4311a,ML,G,Female,15,No,0
Odour1.2,25.4,Novel2,1639648004702_000000_20211216NFWTDP4311a,ML,G,Female,15,No,0
Odour1.3,0.56,Novel3,1639648004702_000000_20211216NFWTDP4311a,ML,G,Female,15,No,0
Odour2.1,4.72,Familiar1,1639648004702_000000_20211216NFWTDP4311a,ML,G,Female,15,No,0
Odour2.2,0,Familiar2,1639648004702_000000_20211216NFWTDP4311a,ML,G,Female,15,No,0
Odour2.3,0,Familiar3,1639648004702_000000_20211216NFWTDP4311a,ML,G,Female,15,No,0
Odour3.1,16.72,Water1,1639648004702_000000_20211216NFWTDP4311a,ML,G,Female,15,No,1
Odour3.2,17.6,Water2,1639648004702_000000_20211216NFWTDP4311a,ML,G,Female,15,No,1
Odour3.3,0.24,Water3,1639648004702_000000_20211216NFWTDP4311a,ML,G,Female,15,No,1
Odour1.1,26.88,Familiar1,1639654701381_000000_20211216FNWTDP4321b,ML,H,Female,15,No,1
Odour1.2,11.64,Familiar2,1639654701381_000000_20211216FNWTDP4321b,ML,H,Female,15,No,1
Odour1.3,0.76,Familiar3,1639654701381_000000_20211216FNWTDP4321b,ML,H,Female,15,No,1
Odour2.1,6.4,Novel1,1639654701381_000000_20211216FNWTDP4321b,ML,H,Female,15,No,0
Odour2.2,1.04,Novel2,1639654701381_000000_20211216FNWTDP4321b,ML,H,Female,15,No,0
Odour2.3,5.56,Novel3,1639654701381_000000_20211216FNWTDP4321b,ML,H,Female,15,No,0
Odour3.1,22.6,Water1,1639654701381_000000_20211216FNWTDP4321b,ML,H,Female,15,No,1
Odour3.2,0,Water2,1639654701381_000000_20211216FNWTDP4321b,ML,H,Female,15,No,1
Odour3.3,0,Water3,1639654701381_000000_20211216FNWTDP4321b,ML,H,Female,15,No,1
Odour1.1,19.64,Novel1,1639654878289_000000_20211216NFWTDP4322d,ML,H,Female,15,No,1
Odour1.2,4.36,Novel2,1639654878289_000000_20211216NFWTDP4322d,ML,H,Female,15,No,1
Odour1.3,19.08,Novel3,1639654878289_000000_20211216NFWTDP4322d,ML,H,Female,15,No,1
Odour2.1,4.68,Familiar1,1639654878289_000000_20211216NFWTDP4322d,ML,H,Female,15,No,0
Odour2.2,0,Familiar2,1639654878289_000000_20211216NFWTDP4322d,ML,H,Female,15,No,0
Odour2.3,0.24,Familiar3,1639654878289_000000_20211216NFWTDP4322d,ML,H,Female,15,No,0
Odour3.1,4.2,Water1,1639654878289_000000_20211216NFWTDP4322d,ML,H,Female,15,No,0
Odour3.2,7.08,Water2,1639654878289_000000_20211216NFWTDP4322d,ML,H,Female,15,No,0
Odour3.3,3.84,Water3,1639654878289_000000_20211216NFWTDP4322d,ML,H,Female,15,No,0
Odour1.1,22.68,Novel1,1639654911074_000000_20211216NFWTDP4332a,ML,H,Female,15,No,1
Odour1.2,5.24,Novel2,1639654911074_000000_20211216NFWTDP4332a,ML,H,Female,15,No,1
Odour1.3,1.6,Novel3,1639654911074_000000_20211216NFWTDP4332a,ML,H,Female,15,No,1
Odour2.1,10.56,Familiar1,1639654911074_000000_20211216NFWTDP4332a,ML,H,Female,15,No,1
Odour2.2,1.96,Familiar2,1639654911074_000000_20211216NFWTDP4332a,ML,H,Female,15,No,1
Odour2.3,6.72,Familiar3,1639654911074_000000_20211216NFWTDP4332a,ML,H,Female,15,No,1
Odour3.1,10,Water1,1639654911074_000000_20211216NFWTDP4332a,ML,H,Female,15,No,1
Odour3.2,5.28,Water2,1639654911074_000000_20211216NFWTDP4332a,ML,H,Female,15,No,1
Odour3.3,0.92,Water3,1639654911074_000000_20211216NFWTDP4332a,ML,H,Female,15,No,1
Odour1.1,56.08,Novel1,1639654945839_000000_20211216NFWTDP4361c,ML,H,Female,15,No,1
Odour1.2,14.2,Novel2,1639654945839_000000_20211216NFWTDP4361c,ML,H,Female,15,No,1
Odour1.3,2.28,Novel3,1639654945839_000000_20211216NFWTDP4361c,ML,H,Female,15,No,1
Odour2.1,12.36,Familiar1,1639654945839_000000_20211216NFWTDP4361c,ML,H,Female,15,No,1
Odour2.2,10.68,Familiar2,1639654945839_000000_20211216NFWTDP4361c,ML,H,Female,15,No,1
Odour2.3,13.2,Familiar3,1639654945839_000000_20211216NFWTDP4361c,ML,H,Female,15,No,1
Odour3.1,3.16,Water1,1639654945839_000000_20211216NFWTDP4361c,ML,H,Female,15,No,0
Odour3.2,7.04,Water2,1639654945839_000000_20211216NFWTDP4361c,ML,H,Female,15,No,0
Odour3.3,3.12,Water3,1639654945839_000000_20211216NFWTDP4361c,ML,H,Female,15,No,0
Odour1.1,33.52,Familiar1,1639657412770_000000_20211216FNWTDP4311f,ML,H,Male,15,No,1
Odour1.2,21.92,Familiar2,1639657412770_000000_20211216FNWTDP4311f,ML,H,Male,15,No,1
Odour1.3,28.08,Familiar3,1639657412770_000000_20211216FNWTDP4311f,ML,H,Male,15,No,1
Odour2.1,20.2,Novel1,1639657412770_000000_20211216FNWTDP4311f,ML,H,Male,15,No,1
Odour2.2,7.32,Novel2,1639657412770_000000_20211216FNWTDP4311f,ML,H,Male,15,No,1
Odour2.3,0,Novel3,1639657412770_000000_20211216FNWTDP4311f,ML,H,Male,15,No,1
Odour3.1,9.4,Water1,1639657412770_000000_20211216FNWTDP4311f,ML,H,Male,15,No,0
Odour3.2,0,Water2,1639657412770_000000_20211216FNWTDP4311f,ML,H,Male,15,No,0
Odour3.3,0,Water3,1639657412770_000000_20211216FNWTDP4311f,ML,H,Male,15,No,0
Odour1.1,22.52,Familiar1,1639657513165_000000_20211216FNWTDP4361g,ML,H,Male,15,No,1
Odour1.2,28.04,Familiar2,1639657513165_000000_20211216FNWTDP4361g,ML,H,Male,15,No,1
Odour1.3,31.6,Familiar3,1639657513165_000000_20211216FNWTDP4361g,ML,H,Male,15,No,1
Odour2.1,23.36,Novel1,1639657513165_000000_20211216FNWTDP4361g,ML,H,Male,15,No,1
Odour2.2,45.64,Novel2,1639657513165_000000_20211216FNWTDP4361g,ML,H,Male,15,No,1
Odour2.3,14.2,Novel3,1639657513165_000000_20211216FNWTDP4361g,ML,H,Male,15,No,1
Odour3.1,30.52,Water1,1639657513165_000000_20211216FNWTDP4361g,ML,H,Male,15,No,1
Odour3.2,8.24,Water2,1639657513165_000000_20211216FNWTDP4361g,ML,H,Male,15,No,1
Odour3.3,0,Water3,1639657513165_000000_20211216FNWTDP4361g,ML,H,Male,15,No,1
Odour1.1,4.6,Water1,1639657662975_000000_20211216WFNTDP4311i,ML,G,Male,15,No,0
Odour1.2,0.2,Water2,1639657662975_000000_20211216WFNTDP4311i,ML,G,Male,15,No,0
Odour1.3,0,Water3,1639657662975_000000_20211216WFNTDP4311i,ML,G,Male,15,No,0
Odour2.1,32.08,Familiar1,1639657662975_000000_20211216WFNTDP4311i,ML,G,Male,15,No,1
Odour2.2,24.72,Familiar2,1639657662975_000000_20211216WFNTDP4311i,ML,G,Male,15,No,1
Odour2.3,5.56,Familiar3,1639657662975_000000_20211216WFNTDP4311i,ML,G,Male,15,No,1
Odour3.1,0,Novel1,1639657662975_000000_20211216WFNTDP4311i,ML,G,Male,15,No,0
Odour3.2,0,Novel2,1639657662975_000000_20211216WFNTDP4311i,ML,G,Male,15,No,0
Odour3.3,0,Novel3,1639657662975_000000_20211216WFNTDP4311i,ML,G,Male,15,No,0
Odour1.1,3.72,Water1,1639657707616_000000_20211216WFNTDP4391h,ML,G,Male,15,No,0
Odour1.2,0,Water2,1639657707616_000000_20211216WFNTDP4391h,ML,G,Male,15,No,0
Odour1.3,24.24,Water3,1639657707616_000000_20211216WFNTDP4391h,ML,G,Male,15,No,0
Odour2.1,47.92,Familiar1,1639657707616_000000_20211216WFNTDP4391h,ML,G,Male,15,No,1
Odour2.2,14.08,Familiar2,1639657707616_000000_20211216WFNTDP4391h,ML,G,Male,15,No,1
Odour2.3,8.24,Familiar3,1639657707616_000000_20211216WFNTDP4391h,ML,G,Male,15,No,1
Odour3.1,9.88,Novel1,1639657707616_000000_20211216WFNTDP4391h,ML,G,Male,15,No,0
Odour3.2,6.48,Novel2,1639657707616_000000_20211216WFNTDP4391h,ML,G,Male,15,No,0
Odour3.3,0,Novel3,1639657707616_000000_20211216WFNTDP4391h,ML,G,Male,15,No,0
Odour1.1,22.48,Novel1,1639663160017_000000_20211216NFWTDP4311h,ML,H,Male,15,No,1
Odour1.2,29.88,Novel2,1639663160017_000000_20211216NFWTDP4311h,ML,H,Male,15,No,1
Odour1.3,47.76,Novel3,1639663160017_000000_20211216NFWTDP4311h,ML,H,Male,15,No,1
Odour2.1,7.52,Familiar1,1639663160017_000000_20211216NFWTDP4311h,ML,H,Male,15,No,0
Odour2.2,5.96,Familiar2,1639663160017_000000_20211216NFWTDP4311h,ML,H,Male,15,No,0
Odour2.3,2.28,Familiar3,1639663160017_000000_20211216NFWTDP4311h,ML,H,Male,15,No,0
Odour3.1,11.84,Water1,1639663160017_000000_20211216NFWTDP4311h,ML,H,Male,15,No,1
Odour3.2,0,Water2,1639663160017_000000_20211216NFWTDP4311h,ML,H,Male,15,No,1
Odour3.3,0,Water3,1639663160017_000000_20211216NFWTDP4311h,ML,H,Male,15,No,1
Odour1.1,26.32,Novel1,1639663198143_000000_20211216NFWTDP4381d,ML,H,Male,15,No,1
Odour1.2,11.16,Novel2,1639663198143_000000_20211216NFWTDP4381d,ML,H,Male,15,No,1
Odour1.3,42.72,Novel3,1639663198143_000000_20211216NFWTDP4381d,ML,H,Male,15,No,1
Odour2.1,3.96,Familiar1,1639663198143_000000_20211216NFWTDP4381d,ML,H,Male,15,No,0
Odour2.2,0,Familiar2,1639663198143_000000_20211216NFWTDP4381d,ML,H,Male,15,No,0
Odour2.3,0,Familiar3,1639663198143_000000_20211216NFWTDP4381d,ML,H,Male,15,No,0
Odour3.1,35.28,Water1,1639663198143_000000_20211216NFWTDP4381d,ML,H,Male,15,No,1
Odour3.2,1.8,Water2,1639663198143_000000_20211216NFWTDP4381d,ML,H,Male,15,No,1
Odour3.3,0,Water3,1639663198143_000000_20211216NFWTDP4381d,ML,H,Male,15,No,1
Odour1.1,18.36,Novel1,1639663244146_000000_20211216NFWTDP4391g,ML,H,Male,15,No,1
Odour1.2,4.32,Novel2,1639663244146_000000_20211216NFWTDP4391g,ML,H,Male,15,No,1
Odour1.3,0,Novel3,1639663244146_000000_20211216NFWTDP4391g,ML,H,Male,15,No,1
Odour2.1,24.4,Familiar1,1639663244146_000000_20211216NFWTDP4391g,ML,H,Male,15,No,1
Odour2.2,52.96,Familiar2,1639663244146_000000_20211216NFWTDP4391g,ML,H,Male,15,No,1
Odour2.3,37.88,Familiar3,1639663244146_000000_20211216NFWTDP4391g,ML,H,Male,15,No,1
Odour3.1,10.56,Water1,1639663244146_000000_20211216NFWTDP4391g,ML,H,Male,15,No,1
Odour3.2,0,Water2,1639663244146_000000_20211216NFWTDP4391g,ML,H,Male,15,No,1
Odour3.3,0,Water3,1639663244146_000000_20211216NFWTDP4391g,ML,H,Male,15,No,1
Odour1.1,36.76,Novel1,1645002557994_000000_20220216NWFTDP4312b,ML,G,Female,15,No,1
Odour1.2,44.2,Novel2,1645002557994_000000_20220216NWFTDP4312b,ML,G,Female,15,No,1
Odour1.3,32.92,Novel3,1645002557994_000000_20220216NWFTDP4312b,ML,G,Female,15,No,1
Odour2.1,35.88,Water1,1645002557994_000000_20220216NWFTDP4312b,ML,G,Female,15,No,1
Odour2.2,28,Water2,1645002557994_000000_20220216NWFTDP4312b,ML,G,Female,15,No,1
Odour2.3,6.28,Water3,1645002557994_000000_20220216NWFTDP4312b,ML,G,Female,15,No,1
Odour3.1,57.24,Familiar1,1645002557994_000000_20220216NWFTDP4312b,ML,G,Female,15,No,1
Odour3.2,29.68,Familiar2,1645002557994_000000_20220216NWFTDP4312b,ML,G,Female,15,No,1
Odour3.3,27.92,Familiar3,1645002557994_000000_20220216NWFTDP4312b,ML,G,Female,15,No,1
Odour1.1,43.64,Novel1,1645002629680_000000_20220216NWFTDP4323c,ML,G,Female,15,No,1
Odour1.2,33.96,Novel2,1645002629680_000000_20220216NWFTDP4323c,ML,G,Female,15,No,1
Odour1.3,7.16,Novel3,1645002629680_000000_20220216NWFTDP4323c,ML,G,Female,15,No,1
Odour2.1,12.24,Water1,1645002629680_000000_20220216NWFTDP4323c,ML,G,Female,15,No,1
Odour2.2,6.56,Water2,1645002629680_000000_20220216NWFTDP4323c,ML,G,Female,15,No,1
Odour2.3,10.12,Water3,1645002629680_000000_20220216NWFTDP4323c,ML,G,Female,15,No,1
Odour3.1,38.72,Familiar1,1645002629680_000000_20220216NWFTDP4323c,ML,G,Female,15,No,1
Odour3.2,19.76,Familiar2,1645002629680_000000_20220216NWFTDP4323c,ML,G,Female,15,No,1
Odour3.3,10.28,Familiar3,1645002629680_000000_20220216NWFTDP4323c,ML,G,Female,15,No,1
Odour1.1,18.36,Novel1,1645002664740_000000_20220216NWFTDP4342e,ML,G,Female,15,No,1
Odour1.2,22.12,Novel2,1645002664740_000000_20220216NWFTDP4342e,ML,G,Female,15,No,1
Odour1.3,7.84,Novel3,1645002664740_000000_20220216NWFTDP4342e,ML,G,Female,15,No,1
Odour2.1,31.6,Water1,1645002664740_000000_20220216NWFTDP4342e,ML,G,Female,15,No,1
Odour2.2,8,Water2,1645002664740_000000_20220216NWFTDP4342e,ML,G,Female,15,No,1
Odour2.3,4.72,Water3,1645002664740_000000_20220216NWFTDP4342e,ML,G,Female,15,No,1
Odour3.1,30.32,Familiar1,1645002664740_000000_20220216NWFTDP4342e,ML,G,Female,15,No,1
Odour3.2,19.68,Familiar2,1645002664740_000000_20220216NWFTDP4342e,ML,G,Female,15,No,1
Odour3.3,10.72,Familiar3,1645002664740_000000_20220216NWFTDP4342e,ML,G,Female,15,No,1
Odour1.1,16.24,Novel1,1645002721824_000000_20220216NFWTDP4312e,ML,H,Female,15,No,1
Odour1.2,18.48,Novel2,1645002721824_000000_20220216NFWTDP4312e,ML,H,Female,15,No,1
Odour1.3,19.84,Novel3,1645002721824_000000_20220216NFWTDP4312e,ML,H,Female,15,No,1
Odour2.1,23.52,Familiar1,1645002721824_000000_20220216NFWTDP4312e,ML,H,Female,15,No,1
Odour2.2,13.36,Familiar2,1645002721824_000000_20220216NFWTDP4312e,ML,H,Female,15,No,1
Odour2.3,35.52,Familiar3,1645002721824_000000_20220216NFWTDP4312e,ML,H,Female,15,No,1
Odour3.1,34.08,Water1,1645002721824_000000_20220216NFWTDP4312e,ML,H,Female,15,No,1
Odour3.2,7.8,Water2,1645002721824_000000_20220216NFWTDP4312e,ML,H,Female,15,No,1
Odour3.3,10.2,Water3,1645002721824_000000_20220216NFWTDP4312e,ML,H,Female,15,No,1
Odour1.1,18.88,Novel1,1645002760785_000000_20220216NFWTDP4324c,ML,H,Female,15,No,1
Odour1.2,7.96,Novel2,1645002760785_000000_20220216NFWTDP4324c,ML,H,Female,15,No,1
Odour1.3,23.56,Novel3,1645002760785_000000_20220216NFWTDP4324c,ML,H,Female,15,No,1
Odour2.1,20.12,Familiar1,1645002760785_000000_20220216NFWTDP4324c,ML,H,Female,15,No,1
Odour2.2,11.6,Familiar2,1645002760785_000000_20220216NFWTDP4324c,ML,H,Female,15,No,1
Odour2.3,1.72,Familiar3,1645002760785_000000_20220216NFWTDP4324c,ML,H,Female,15,No,1
Odour3.1,3.52,Water1,1645002760785_000000_20220216NFWTDP4324c,ML,H,Female,15,No,0
Odour3.2,9.16,Water2,1645002760785_000000_20220216NFWTDP4324c,ML,H,Female,15,No,0
Odour3.3,3.4,Water3,1645002760785_000000_20220216NFWTDP4324c,ML,H,Female,15,No,0
Odour1.1,30.84,Novel1,1645002792388_000000_20220216NFWTDP4342b,ML,H,Female,15,No,1
Odour1.2,12.92,Novel2,1645002792388_000000_20220216NFWTDP4342b,ML,H,Female,15,No,1
Odour1.3,25.48,Novel3,1645002792388_000000_20220216NFWTDP4342b,ML,H,Female,15,No,1
Odour2.1,20.84,Familiar1,1645002792388_000000_20220216NFWTDP4342b,ML,H,Female,15,No,1
Odour2.2,9.32,Familiar2,1645002792388_000000_20220216NFWTDP4342b,ML,H,Female,15,No,1
Odour2.3,47.76,Familiar3,1645002792388_000000_20220216NFWTDP4342b,ML,H,Female,15,No,1
Odour3.1,37.64,Water1,1645002792388_000000_20220216NFWTDP4342b,ML,H,Female,15,No,1
Odour3.2,9.08,Water2,1645002792388_000000_20220216NFWTDP4342b,ML,H,Female,15,No,1
Odour3.3,5.44,Water3,1645002792388_000000_20220216NFWTDP4342b,ML,H,Female,15,No,1
Odour1.1,48.64,Familiar1,1645005524338_000000_20220216FNWTDP4323b,ML,H,Female,15,No,1
Odour1.2,0,Familiar2,1645005524338_000000_20220216FNWTDP4323b,ML,H,Female,15,No,1
Odour1.3,0,Familiar3,1645005524338_000000_20220216FNWTDP4323b,ML,H,Female,15,No,1
Odour2.1,0,Novel1,1645005524338_000000_20220216FNWTDP4323b,ML,H,Female,15,No,0
Odour2.2,0,Novel2,1645005524338_000000_20220216FNWTDP4323b,ML,H,Female,15,No,0
Odour2.3,0.96,Novel3,1645005524338_000000_20220216FNWTDP4323b,ML,H,Female,15,No,0
Odour3.1,0,Water1,1645005524338_000000_20220216FNWTDP4323b,ML,H,Female,15,No,0
Odour3.2,0,Water2,1645005524338_000000_20220216FNWTDP4323b,ML,H,Female,15,No,0
Odour3.3,0,Water3,1645005524338_000000_20220216FNWTDP4323b,ML,H,Female,15,No,0
Odour1.1,0,Water1,1645005796620_000000_120220216WFNTDP4362d,ML,G,Female,15,No,0
Odour1.2,0,Water2,1645005796620_000000_120220216WFNTDP4362d,ML,G,Female,15,No,0
Odour1.3,0,Water3,1645005796620_000000_120220216WFNTDP4362d,ML,G,Female,15,No,0
Odour2.1,27.44,Familiar1,1645005796620_000000_120220216WFNTDP4362d,ML,G,Female,15,No,1
Odour2.2,0.32,Familiar2,1645005796620_000000_120220216WFNTDP4362d,ML,G,Female,15,No,1
Odour2.3,2.28,Familiar3,1645005796620_000000_120220216WFNTDP4362d,ML,G,Female,15,No,1
Odour3.1,16.44,Novel1,1645005796620_000000_120220216WFNTDP4362d,ML,G,Female,15,No,1
Odour3.2,7.28,Novel2,1645005796620_000000_120220216WFNTDP4362d,ML,G,Female,15,No,1
Odour3.3,4.56,Novel3,1645005796620_000000_120220216WFNTDP4362d,ML,G,Female,15,No,1
Odour1.1,10.6,Water1,1645005820655_000000_120220216WFNTDP4382c,ML,G,Female,15,No,1
Odour1.2,0,Water2,1645005820655_000000_120220216WFNTDP4382c,ML,G,Female,15,No,1
Odour1.3,5.44,Water3,1645005820655_000000_120220216WFNTDP4382c,ML,G,Female,15,No,1
Odour2.1,45.2,Familiar1,1645005820655_000000_120220216WFNTDP4382c,ML,G,Female,15,No,1
Odour2.2,0,Familiar2,1645005820655_000000_120220216WFNTDP4382c,ML,G,Female,15,No,1
Odour2.3,6.8,Familiar3,1645005820655_000000_120220216WFNTDP4382c,ML,G,Female,15,No,1
Odour3.1,29.68,Novel1,1645005820655_000000_120220216WFNTDP4382c,ML,G,Female,15,No,1
Odour3.2,0,Novel2,1645005820655_000000_120220216WFNTDP4382c,ML,G,Female,15,No,1
Odour3.3,0,Novel3,1645005820655_000000_120220216WFNTDP4382c,ML,G,Female,15,No,1
Odour1.1,10.36,Familiar1,1645010806237_000000_120220216FNWTDP4323g,ML,G,Male,15,No,1
Odour1.2,17.32,Familiar2,1645010806237_000000_120220216FNWTDP4323g,ML,G,Male,15,No,1
Odour1.3,15.08,Familiar3,1645010806237_000000_120220216FNWTDP4323g,ML,G,Male,15,No,1
Odour2.1,21.64,Novel1,1645010806237_000000_120220216FNWTDP4323g,ML,G,Male,15,No,1
Odour2.2,8.12,Novel2,1645010806237_000000_120220216FNWTDP4323g,ML,G,Male,15,No,1
Odour2.3,2.04,Novel3,1645010806237_000000_120220216FNWTDP4323g,ML,G,Male,15,No,1
Odour3.1,15.96,Water1,1645010806237_000000_120220216FNWTDP4323g,ML,G,Male,15,No,1
Odour3.2,0.4,Water2,1645010806237_000000_120220216FNWTDP4323g,ML,G,Male,15,No,1
Odour3.3,6.16,Water3,1645010806237_000000_120220216FNWTDP4323g,ML,G,Male,15,No,1
Odour1.1,27.16,Familiar1,1645010829962_000000_120220216FNWTDP4333i,ML,G,Male,15,No,1
Odour1.2,11.72,Familiar2,1645010829962_000000_120220216FNWTDP4333i,ML,G,Male,15,No,1
Odour1.3,0.28,Familiar3,1645010829962_000000_120220216FNWTDP4333i,ML,G,Male,15,No,1
Odour2.1,41.2,Novel1,1645010829962_000000_120220216FNWTDP4333i,ML,G,Male,15,No,1
Odour2.2,43.2,Novel2,1645010829962_000000_120220216FNWTDP4333i,ML,G,Male,15,No,1
Odour2.3,17.96,Novel3,1645010829962_000000_120220216FNWTDP4333i,ML,G,Male,15,No,1
Odour3.1,9.6,Water1,1645010829962_000000_120220216FNWTDP4333i,ML,G,Male,15,No,0
Odour3.2,0.28,Water2,1645010829962_000000_120220216FNWTDP4333i,ML,G,Male,15,No,0
Odour3.3,0.28,Water3,1645010829962_000000_120220216FNWTDP4333i,ML,G,Male,15,No,0
Odour1.1,28.88,Novel1,1645010914730_000000_120220216NWFTDP4323f,ML,G,Male,15,No,1
Odour1.2,10.96,Novel2,1645010914730_000000_120220216NWFTDP4323f,ML,G,Male,15,No,1
Odour1.3,11.36,Novel3,1645010914730_000000_120220216NWFTDP4323f,ML,G,Male,15,No,1
Odour2.1,17.56,Water1,1645010914730_000000_120220216NWFTDP4323f,ML,G,Male,15,No,1
Odour2.2,6.12,Water2,1645010914730_000000_120220216NWFTDP4323f,ML,G,Male,15,No,1
Odour2.3,0.48,Water3,1645010914730_000000_120220216NWFTDP4323f,ML,G,Male,15,No,1
Odour3.1,15.08,Familiar1,1645010914730_000000_120220216NWFTDP4323f,ML,G,Male,15,No,1
Odour3.2,0,Familiar2,1645010914730_000000_120220216NWFTDP4323f,ML,G,Male,15,No,1
Odour3.3,0,Familiar3,1645010914730_000000_120220216NWFTDP4323f,ML,G,Male,15,No,1
Odour1.1,29,Novel1,1645010941753_000000_120220216NWFTDP4333h,ML,G,Male,15,No,1
Odour1.2,25.88,Novel2,1645010941753_000000_120220216NWFTDP4333h,ML,G,Male,15,No,1
Odour1.3,1.96,Novel3,1645010941753_000000_120220216NWFTDP4333h,ML,G,Male,15,No,1
Odour2.1,7.08,Water1,1645010941753_000000_120220216NWFTDP4333h,ML,G,Male,15,No,0
Odour2.2,0.32,Water2,1645010941753_000000_120220216NWFTDP4333h,ML,G,Male,15,No,0
Odour2.3,0,Water3,1645010941753_000000_120220216NWFTDP4333h,ML,G,Male,15,No,0
Odour3.1,0,Familiar1,1645010941753_000000_120220216NWFTDP4333h,ML,G,Male,15,No,0
Odour3.2,0,Familiar2,1645010941753_000000_120220216NWFTDP4333h,ML,G,Male,15,No,0
Odour3.3,0,Familiar3,1645010941753_000000_120220216NWFTDP4333h,ML,G,Male,15,No,0
Odour1.1,35.92,Novel1,1645010974796_000000_120220216NWFTDP4351g,ML,G,Male,15,No,1
Odour1.2,17.44,Novel2,1645010974796_000000_120220216NWFTDP4351g,ML,G,Male,15,No,1
Odour1.3,3.84,Novel3,1645010974796_000000_120220216NWFTDP4351g,ML,G,Male,15,No,1
Odour2.1,18.28,Water1,1645010974796_000000_120220216NWFTDP4351g,ML,G,Male,15,No,1
Odour2.2,0,Water2,1645010974796_000000_120220216NWFTDP4351g,ML,G,Male,15,No,1
Odour2.3,0,Water3,1645010974796_000000_120220216NWFTDP4351g,ML,G,Male,15,No,1
Odour3.1,21.52,Familiar1,1645010974796_000000_120220216NWFTDP4351g,ML,G,Male,15,No,1
Odour3.2,3.68,Familiar2,1645010974796_000000_120220216NWFTDP4351g,ML,G,Male,15,No,1
Odour3.3,0,Familiar3,1645010974796_000000_120220216NWFTDP4351g,ML,G,Male,15,No,1
Odour1.1,44.08,Novel1,1645013391217_000000_120220216NWFTDP4371e,ML,H,Male,15,No,1
Odour1.2,81.08,Novel2,1645013391217_000000_120220216NWFTDP4371e,ML,H,Male,15,No,1
Odour1.3,71.12,Novel3,1645013391217_000000_120220216NWFTDP4371e,ML,H,Male,15,No,1
Odour2.1,36.8,Water1,1645013391217_000000_120220216NWFTDP4371e,ML,H,Male,15,No,1
Odour2.2,34.72,Water2,1645013391217_000000_120220216NWFTDP4371e,ML,H,Male,15,No,1
Odour2.3,5.08,Water3,1645013391217_000000_120220216NWFTDP4371e,ML,H,Male,15,No,1
Odour3.1,72.24,Familiar1,1645013391217_000000_120220216NWFTDP4371e,ML,H,Male,15,No,1
Odour3.2,49.16,Familiar2,1645013391217_000000_120220216NWFTDP4371e,ML,H,Male,15,No,1
Odour3.3,7.52,Familiar3,1645013391217_000000_120220216NWFTDP4371e,ML,H,Male,15,No,1
Odour1.1,12.24,Novel1,1645092945395_000000_20220217NFWTDP4333m,ML,G,Male,15,No,1
Odour1.2,4.84,Novel2,1645092945395_000000_20220217NFWTDP4333m,ML,G,Male,15,No,1
Odour1.3,12.76,Novel3,1645092945395_000000_20220217NFWTDP4333m,ML,G,Male,15,No,1
Odour2.1,13.56,Familiar1,1645092945395_000000_20220217NFWTDP4333m,ML,G,Male,15,No,1
Odour2.2,10.76,Familiar2,1645092945395_000000_20220217NFWTDP4333m,ML,G,Male,15,No,1
Odour2.3,9.28,Familiar3,1645092945395_000000_20220217NFWTDP4333m,ML,G,Male,15,No,1
Odour3.1,31.56,Water1,1645092945395_000000_20220217NFWTDP4333m,ML,G,Male,15,No,1
Odour3.2,28.8,Water2,1645092945395_000000_20220217NFWTDP4333m,ML,G,Male,15,No,1
Odour3.3,32.16,Water3,1645092945395_000000_20220217NFWTDP4333m,ML,G,Male,15,No,1
Odour1.1,2.52,Novel1,1645092997309_000000_20220217NFWTDP4392f,ML,G,Male,15,No,0
Odour1.2,13.84,Novel2,1645092997309_000000_20220217NFWTDP4392f,ML,G,Male,15,No,0
Odour1.3,12.84,Novel3,1645092997309_000000_20220217NFWTDP4392f,ML,G,Male,15,No,0
Odour2.1,1.92,Familiar1,1645092997309_000000_20220217NFWTDP4392f,ML,G,Male,15,No,0
Odour2.2,4.52,Familiar2,1645092997309_000000_20220217NFWTDP4392f,ML,G,Male,15,No,0
Odour2.3,4.52,Familiar3,1645092997309_000000_20220217NFWTDP4392f,ML,G,Male,15,No,0
Odour3.1,18.24,Water1,1645092997309_000000_20220217NFWTDP4392f,ML,G,Male,15,No,1
Odour3.2,4.68,Water2,1645092997309_000000_20220217NFWTDP4392f,ML,G,Male,15,No,1
Odour3.3,5.56,Water3,1645092997309_000000_20220217NFWTDP4392f,ML,G,Male,15,No,1
Odour1.1,10.6,Water1,1645095153167_000000_20220217WFNTDP4333n,ML,H,Male,15,No,1
Odour1.2,15.32,Water2,1645095153167_000000_20220217WFNTDP4333n,ML,H,Male,15,No,1
Odour1.3,0.2,Water3,1645095153167_000000_20220217WFNTDP4333n,ML,H,Male,15,No,1
Odour2.1,42.36,Familiar1,1645095153167_000000_20220217WFNTDP4333n,ML,H,Male,15,No,1
Odour2.2,14.16,Familiar2,1645095153167_000000_20220217WFNTDP4333n,ML,H,Male,15,No,1
Odour2.3,7,Familiar3,1645095153167_000000_20220217WFNTDP4333n,ML,H,Male,15,No,1
Odour3.1,6.16,Novel1,1645095153167_000000_20220217WFNTDP4333n,ML,H,Male,15,No,0
Odour3.2,1.96,Novel2,1645095153167_000000_20220217WFNTDP4333n,ML,H,Male,15,No,0
Odour3.3,5.48,Novel3,1645095153167_000000_20220217WFNTDP4333n,ML,H,Male,15,No,0
Odour1.1,11.08,Water1,1645095205581_000000_20220217WFNTDP4392c,ML,H,Male,15,No,1
Odour1.2,1.96,Water2,1645095205581_000000_20220217WFNTDP4392c,ML,H,Male,15,No,1
Odour1.3,3.36,Water3,1645095205581_000000_20220217WFNTDP4392c,ML,H,Male,15,No,1
Odour2.1,14.64,Familiar1,1645095205581_000000_20220217WFNTDP4392c,ML,H,Male,15,No,1
Odour2.2,0,Familiar2,1645095205581_000000_20220217WFNTDP4392c,ML,H,Male,15,No,1
Odour2.3,9.4,Familiar3,1645095205581_000000_20220217WFNTDP4392c,ML,H,Male,15,No,1
Odour3.1,3.96,Novel1,1645095205581_000000_20220217WFNTDP4392c,ML,H,Male,15,No,0
Odour3.2,0,Novel2,1645095205581_000000_20220217WFNTDP4392c,ML,H,Male,15,No,0
Odour3.3,0,Novel3,1645095205581_000000_20220217WFNTDP4392c,ML,H,Male,15,No,0
Odour1.1,13.6,Familiar1,1671698557029_000000_20222212FNWTDP4361a,Manual,H,Female,67,No,1
Odour1.2,8.4,Familiar2,1671698557029_000000_20222212FNWTDP4361a,Manual,H,Female,67,No,1
Odour1.3,3.8,Familiar3,1671698557029_000000_20222212FNWTDP4361a,Manual,H,Female,67,No,1
Odour2.1,27.9,Novel1,1671698557029_000000_20222212FNWTDP4361a,Manual,H,Female,67,No,1
Odour2.2,6.9,Novel2,1671698557029_000000_20222212FNWTDP4361a,Manual,H,Female,67,No,1
Odour2.3,0.5,Novel3,1671698557029_000000_20222212FNWTDP4361a,Manual,H,Female,67,No,1
Odour3.1,11.5,Water1,1671698557029_000000_20222212FNWTDP4361a,Manual,H,Female,67,No,1
Odour3.2,7.6,Water2,1671698557029_000000_20222212FNWTDP4361a,Manual,H,Female,67,No,1
Odour3.3,0.7,Water3,1671698557029_000000_20222212FNWTDP4361a,Manual,H,Female,67,No,1
Odour1.1,35.5,Familiar1,1671698589150_000000_20222212FNWTDP4391a,Manual,H,Female,67,No,1
Odour1.2,17.8,Familiar2,1671698589150_000000_20222212FNWTDP4391a,Manual,H,Female,67,No,1
Odour1.3,8.8,Familiar3,1671698589150_000000_20222212FNWTDP4391a,Manual,H,Female,67,No,1
Odour2.1,22.6,Novel1,1671698589150_000000_20222212FNWTDP4391a,Manual,H,Female,67,No,1
Odour2.2,11.6,Novel2,1671698589150_000000_20222212FNWTDP4391a,Manual,H,Female,67,No,1
Odour2.3,7.8,Novel3,1671698589150_000000_20222212FNWTDP4391a,Manual,H,Female,67,No,1
Odour3.1,10.4,Water1,1671698589150_000000_20222212FNWTDP4391a,Manual,H,Female,67,No,1
Odour3.2,4.5,Water2,1671698589150_000000_20222212FNWTDP4391a,Manual,H,Female,67,No,1
Odour3.3,6.2,Water3,1671698589150_000000_20222212FNWTDP4391a,Manual,H,Female,67,No,1
Odour1.1,1.1,Novel1,1671700910553_000000_20222212NFWTDP4322d,Manual,H,Female,67,No,0
Odour1.2,50.3,Novel2,1671700910553_000000_20222212NFWTDP4322d,Manual,H,Female,67,No,0
Odour1.3,11,Novel3,1671700910553_000000_20222212NFWTDP4322d,Manual,H,Female,67,No,0
Odour2.1,8.4,Familiar1,1671700910553_000000_20222212NFWTDP4322d,Manual,H,Female,67,No,0
Odour2.2,4.7,Familiar2,1671700910553_000000_20222212NFWTDP4322d,Manual,H,Female,67,No,0
Odour2.3,25.4,Familiar3,1671700910553_000000_20222212NFWTDP4322d,Manual,H,Female,67,No,0
Odour3.1,17.1,Water1,1671700910553_000000_20222212NFWTDP4322d,Manual,H,Female,67,No,1
Odour3.2,2.1,Water2,1671700910553_000000_20222212NFWTDP4322d,Manual,H,Female,67,No,1
Odour3.3,5.3,Water3,1671700910553_000000_20222212NFWTDP4322d,Manual,H,Female,67,No,1
Odour1.1,42.8,Novel1,1671700969130_000000_20222212NFWTDP4361c,Manual,H,Female,67,No,1
Odour1.2,7.7,Novel2,1671700969130_000000_20222212NFWTDP4361c,Manual,H,Female,67,No,1
Odour1.3,3.3,Novel3,1671700969130_000000_20222212NFWTDP4361c,Manual,H,Female,67,No,1
Odour2.1,26.2,Familiar1,1671700969130_000000_20222212NFWTDP4361c,Manual,H,Female,67,No,1
Odour2.2,1.2,Familiar2,1671700969130_000000_20222212NFWTDP4361c,Manual,H,Female,67,No,1
Odour2.3,15.8,Familiar3,1671700969130_000000_20222212NFWTDP4361c,Manual,H,Female,67,No,1
Odour3.1,13.8,Water1,1671700969130_000000_20222212NFWTDP4361c,Manual,H,Female,67,No,1
Odour3.2,1.5,Water2,1671700969130_000000_20222212NFWTDP4361c,Manual,H,Female,67,No,1
Odour3.3,1.1,Water3,1671700969130_000000_20222212NFWTDP4361c,Manual,H,Female,67,No,1
Odour1.1,25.5,Novel1,1671701062352_000000_20222212NFWTDP4391g,Manual,H,Male,67,No,1
Odour1.2,4.4,Novel2,1671701062352_000000_20222212NFWTDP4391g,Manual,H,Male,67,No,1
Odour1.3,2.4,Novel3,1671701062352_000000_20222212NFWTDP4391g,Manual,H,Male,67,No,1
Odour2.1,4.7,Familiar1,1671701062352_000000_20222212NFWTDP4391g,Manual,H,Male,67,No,0
Odour2.2,2.4,Familiar2,1671701062352_000000_20222212NFWTDP4391g,Manual,H,Male,67,No,0
Odour2.3,2.6,Familiar3,1671701062352_000000_20222212NFWTDP4391g,Manual,H,Male,67,No,0
Odour3.1,0.7,Water1,1671701062352_000000_20222212NFWTDP4391g,Manual,H,Male,67,No,0
Odour3.2,2.9,Water2,1671701062352_000000_20222212NFWTDP4391g,Manual,H,Male,67,No,0
Odour3.3,1.8,Water3,1671701062352_000000_20222212NFWTDP4391g,Manual,H,Male,67,No,0
Odour1.1,29.8,Water1,1671706619369_000000_20222212WFNTDP4311b,Manual,G,Female,67,No,1
Odour1.2,12,Water2,1671706619369_000000_20222212WFNTDP4311b,Manual,G,Female,67,No,1
Odour1.3,0,Water3,1671706619369_000000_20222212WFNTDP4311b,Manual,G,Female,67,No,1
Odour2.1,37.4,Familiar1,1671706619369_000000_20222212WFNTDP4311b,Manual,G,Female,67,No,1
Odour2.2,10.3,Familiar2,1671706619369_000000_20222212WFNTDP4311b,Manual,G,Female,67,No,1
Odour2.3,3.4,Familiar3,1671706619369_000000_20222212WFNTDP4311b,Manual,G,Female,67,No,1
Odour3.1,0,Novel1,1671706619369_000000_20222212WFNTDP4311b,Manual,G,Female,67,No,0
Odour3.2,0,Novel2,1671706619369_000000_20222212WFNTDP4311b,Manual,G,Female,67,No,0
Odour3.3,34.5,Novel3,1671706619369_000000_20222212WFNTDP4311b,Manual,G,Female,67,No,0
Odour1.1,38.8,Water1,1671709425764_000000_20222212WFNTDP4311f,Manual,H,Male,67,No,1
Odour1.2,21.8,Water2,1671709425764_000000_20222212WFNTDP4311f,Manual,H,Male,67,No,1
Odour1.3,58.3,Water3,1671709425764_000000_20222212WFNTDP4311f,Manual,H,Male,67,No,1
Odour2.1,21.3,Familiar1,1671709425764_000000_20222212WFNTDP4311f,Manual,H,Male,67,No,1
Odour2.2,19.8,Familiar2,1671709425764_000000_20222212WFNTDP4311f,Manual,H,Male,67,No,1
Odour2.3,7.9,Familiar3,1671709425764_000000_20222212WFNTDP4311f,Manual,H,Male,67,No,1
Odour3.1,40.7,Novel1,1671709425764_000000_20222212WFNTDP4311f,Manual,H,Male,67,No,1
Odour3.2,35.1,Novel2,1671709425764_000000_20222212WFNTDP4311f,Manual,H,Male,67,No,1
Odour3.3,46.8,Novel3,1671709425764_000000_20222212WFNTDP4311f,Manual,H,Male,67,No,1
Odour1.1,24.5,Novel1,1671709530848_000000_20222212NWFTDP4331c,Manual,H,Male,67,No,1
Odour1.2,8.6,Novel2,1671709530848_000000_20222212NWFTDP4331c,Manual,H,Male,67,No,1
Odour1.3,1.6,Novel3,1671709530848_000000_20222212NWFTDP4331c,Manual,H,Male,67,No,1
Odour2.1,6,Water1,1671709530848_000000_20222212NWFTDP4331c,Manual,H,Male,67,No,0
Odour2.2,0.6,Water2,1671709530848_000000_20222212NWFTDP4331c,Manual,H,Male,67,No,0
Odour2.3,1.2,Water3,1671709530848_000000_20222212NWFTDP4331c,Manual,H,Male,67,No,0
Odour3.1,8.7,Familiar1,1671709530848_000000_20222212NWFTDP4331c,Manual,H,Male,67,No,0
Odour3.2,3.9,Familiar2,1671709530848_000000_20222212NWFTDP4331c,Manual,H,Male,67,No,0
Odour3.3,0,Familiar3,1671709530848_000000_20222212NWFTDP4331c,Manual,H,Male,67,No,0
Odour1.1,32,Novel1,1677141755316_000000_20230223NWFTDP12b,Manual,G,Female,67,No,1
Odour1.2,16.4,Novel2,1677141755316_000000_20230223NWFTDP12b,Manual,G,Female,67,No,1
Odour1.3,11.2,Novel3,1677141755316_000000_20230223NWFTDP12b,Manual,G,Female,67,No,1
Odour2.1,13.5,Water1,1677141755316_000000_20230223NWFTDP12b,Manual,G,Female,67,No,1
Odour2.2,1.9,Water2,1677141755316_000000_20230223NWFTDP12b,Manual,G,Female,67,No,1
Odour2.3,0,Water3,1677141755316_000000_20230223NWFTDP12b,Manual,G,Female,67,No,1
Odour3.1,29.3,Familiar1,1677141755316_000000_20230223NWFTDP12b,Manual,G,Female,67,No,1
Odour3.2,16.5,Familiar2,1677141755316_000000_20230223NWFTDP12b,Manual,G,Female,67,No,1
Odour3.3,14.1,Familiar3,1677141755316_000000_20230223NWFTDP12b,Manual,G,Female,67,No,1
Odour1.1,36.4,Novel1,1677142227995_000000_20230223NWFTDP23c,Manual,G,Female,67,No,1
Odour1.2,21.2,Novel2,1677142227995_000000_20230223NWFTDP23c,Manual,G,Female,67,No,1
Odour1.3,28.8,Novel3,1677142227995_000000_20230223NWFTDP23c,Manual,G,Female,67,No,1
Odour2.1,48,Water1,1677142227995_000000_20230223NWFTDP23c,Manual,G,Female,67,No,1
Odour2.2,12.1,Water2,1677142227995_000000_20230223NWFTDP23c,Manual,G,Female,67,No,1
Odour2.3,0.4,Water3,1677142227995_000000_20230223NWFTDP23c,Manual,G,Female,67,No,1
Odour3.1,20,Familiar1,1677142227995_000000_20230223NWFTDP23c,Manual,G,Female,67,No,1
Odour3.2,15.1,Familiar2,1677142227995_000000_20230223NWFTDP23c,Manual,G,Female,67,No,1
Odour3.3,3.6,Familiar3,1677142227995_000000_20230223NWFTDP23c,Manual,G,Female,67,No,1
Odour1.1,17.6,Water1,1677142291979_000000_20230223WFNTDP12e,Manual,H,Female,67,No,1
Odour1.2,5.5,Water2,1677142291979_000000_20230223WFNTDP12e,Manual,H,Female,67,No,1
Odour1.3,7.4,Water3,1677142291979_000000_20230223WFNTDP12e,Manual,H,Female,67,No,1
Odour2.1,56.5,Familiar1,1677142291979_000000_20230223WFNTDP12e,Manual,H,Female,67,No,1
Odour2.2,2.9,Familiar2,1677142291979_000000_20230223WFNTDP12e,Manual,H,Female,67,No,1
Odour2.3,10.5,Familiar3,1677142291979_000000_20230223WFNTDP12e,Manual,H,Female,67,No,1
Odour3.1,43.4,Novel1,1677142291979_000000_20230223WFNTDP12e,Manual,H,Female,67,No,1
Odour3.2,11.1,Novel2,1677142291979_000000_20230223WFNTDP12e,Manual,H,Female,67,No,1
Odour3.3,8.1,Novel3,1677142291979_000000_20230223WFNTDP12e,Manual,H,Female,67,No,1
Odour1.1,11.1,Water1,1677142318225_000000_20230223WFNTDP24c,Manual,H,Female,67,No,1
Odour1.2,3.9,Water2,1677142318225_000000_20230223WFNTDP24c,Manual,H,Female,67,No,1
Odour1.3,4,Water3,1677142318225_000000_20230223WFNTDP24c,Manual,H,Female,67,No,1
Odour2.1,38.4,Familiar1,1677142318225_000000_20230223WFNTDP24c,Manual,H,Female,67,No,1
Odour2.2,9.3,Familiar2,1677142318225_000000_20230223WFNTDP24c,Manual,H,Female,67,No,1
Odour2.3,4.3,Familiar3,1677142318225_000000_20230223WFNTDP24c,Manual,H,Female,67,No,1
Odour3.1,41.2,Novel1,1677142318225_000000_20230223WFNTDP24c,Manual,H,Female,67,No,1
Odour3.2,15,Novel2,1677142318225_000000_20230223WFNTDP24c,Manual,H,Female,67,No,1
Odour3.3,2.6,Novel3,1677142318225_000000_20230223WFNTDP24c,Manual,H,Female,67,No,1
Odour1.1,15.7,Water1,1677142681455_000000_20230223WFNTDP42b,Manual,H,Female,67,No,1
Odour1.2,13.2,Water2,1677142681455_000000_20230223WFNTDP42b,Manual,H,Female,67,No,1
Odour1.3,2.2,Water3,1677142681455_000000_20230223WFNTDP42b,Manual,H,Female,67,No,1
Odour2.1,42.4,Familiar1,1677142681455_000000_20230223WFNTDP42b,Manual,H,Female,67,No,1
Odour2.2,12.2,Familiar2,1677142681455_000000_20230223WFNTDP42b,Manual,H,Female,67,No,1
Odour2.3,7.8,Familiar3,1677142681455_000000_20230223WFNTDP42b,Manual,H,Female,67,No,1
Odour3.1,19.5,Novel1,1677142681455_000000_20230223WFNTDP42b,Manual,H,Female,67,No,1
Odour3.2,26.8,Novel2,1677142681455_000000_20230223WFNTDP42b,Manual,H,Female,67,No,1
Odour3.3,4.8,Novel3,1677142681455_000000_20230223WFNTDP42b,Manual,H,Female,67,No,1
Odour1.1,23.6,Water1,1677150255589_000000_20230223WFNTDP82e,Manual,G,Male,67,No,1
Odour1.2,13.7,Water2,1677150255589_000000_20230223WFNTDP82e,Manual,G,Male,67,No,1
Odour1.3,8.9,Water3,1677150255589_000000_20230223WFNTDP82e,Manual,G,Male,67,No,1
Odour2.1,45.1,Familiar1,1677150255589_000000_20230223WFNTDP82e,Manual,G,Male,67,No,1
Odour2.2,76.9,Familiar2,1677150255589_000000_20230223WFNTDP82e,Manual,G,Male,67,No,1
Odour2.3,19.4,Familiar3,1677150255589_000000_20230223WFNTDP82e,Manual,G,Male,67,No,1
Odour3.1,56.6,Novel1,1677150255589_000000_20230223WFNTDP82e,Manual,G,Male,67,No,1
Odour3.2,25.8,Novel2,1677150255589_000000_20230223WFNTDP82e,Manual,G,Male,67,No,1
Odour3.3,56.5,Novel3,1677150255589_000000_20230223WFNTDP82e,Manual,G,Male,67,No,1
Odour1.1,27.7,Water1,1677150284105_000000_20230223WFNTDP92f,Manual,G,Male,67,No,1
Odour1.2,12.1,Water2,1677150284105_000000_20230223WFNTDP92f,Manual,G,Male,67,No,1
Odour1.3,0,Water3,1677150284105_000000_20230223WFNTDP92f,Manual,G,Male,67,No,1
Odour2.1,70.5,Familiar1,1677150284105_000000_20230223WFNTDP92f,Manual,G,Male,67,No,1
Odour2.2,51.5,Familiar2,1677150284105_000000_20230223WFNTDP92f,Manual,G,Male,67,No,1
Odour2.3,4.1,Familiar3,1677150284105_000000_20230223WFNTDP92f,Manual,G,Male,67,No,1
Odour3.1,38.2,Novel1,1677150284105_000000_20230223WFNTDP92f,Manual,G,Male,67,No,1
Odour3.2,9.9,Novel2,1677150284105_000000_20230223WFNTDP92f,Manual,G,Male,67,No,1
Odour3.3,38.6,Novel3,1677150284105_000000_20230223WFNTDP92f,Manual,G,Male,67,No,1
Odour1.1,39.2,Familiar1,1677150333334_000000_20230223FNWTDP33i,Manual,G,Male,67,No,1
Odour1.2,12.7,Familiar2,1677150333334_000000_20230223FNWTDP33i,Manual,G,Male,67,No,1
Odour1.3,0.5,Familiar3,1677150333334_000000_20230223FNWTDP33i,Manual,G,Male,67,No,1
Odour2.1,23.5,Novel1,1677150333334_000000_20230223FNWTDP33i,Manual,G,Male,67,No,1
Odour2.2,17.4,Novel2,1677150333334_000000_20230223FNWTDP33i,Manual,G,Male,67,No,1
Odour2.3,8.7,Novel3,1677150333334_000000_20230223FNWTDP33i,Manual,G,Male,67,No,1
Odour3.1,0.4,Water1,1677150333334_000000_20230223FNWTDP33i,Manual,G,Male,67,No,0
Odour3.2,1.2,Water2,1677150333334_000000_20230223FNWTDP33i,Manual,G,Male,67,No,0
Odour3.3,0,Water3,1677150333334_000000_20230223FNWTDP33i,Manual,G,Male,67,No,0
Odour1.1,44.1,Familiar1,1677150417591_000000_20230223FNWTDP63f,Manual,G,Male,67,No,1
Odour1.2,28.9,Familiar2,1677150417591_000000_20230223FNWTDP63f,Manual,G,Male,67,No,1
Odour1.3,13.4,Familiar3,1677150417591_000000_20230223FNWTDP63f,Manual,G,Male,67,No,1
Odour2.1,41.2,Novel1,1677150417591_000000_20230223FNWTDP63f,Manual,G,Male,67,No,1
Odour2.2,53.5,Novel2,1677150417591_000000_20230223FNWTDP63f,Manual,G,Male,67,No,1
Odour2.3,29.3,Novel3,1677150417591_000000_20230223FNWTDP63f,Manual,G,Male,67,No,1
Odour3.1,23.3,Water1,1677150417591_000000_20230223FNWTDP63f,Manual,G,Male,67,No,1
Odour3.2,5.8,Water2,1677150417591_000000_20230223FNWTDP63f,Manual,G,Male,67,No,1
Odour3.3,2.4,Water3,1677150417591_000000_20230223FNWTDP63f,Manual,G,Male,67,No,1
Odour1.1,31.8,Novel1,1677152542625_000000_20230223NFWTDP33k,Manual,G,Male,67,No,1
Odour1.2,21.5,Novel2,1677152542625_000000_20230223NFWTDP33k,Manual,G,Male,67,No,1
Odour1.3,11.4,Novel3,1677152542625_000000_20230223NFWTDP33k,Manual,G,Male,67,No,1
Odour2.1,34.5,Familiar1,1677152542625_000000_20230223NFWTDP33k,Manual,G,Male,67,No,1
Odour2.2,8.8,Familiar2,1677152542625_000000_20230223NFWTDP33k,Manual,G,Male,67,No,1
Odour2.3,0,Familiar3,1677152542625_000000_20230223NFWTDP33k,Manual,G,Male,67,No,1
Odour3.1,9,Water1,1677152542625_000000_20230223NFWTDP33k,Manual,G,Male,67,No,0
Odour3.2,0,Water2,1677152542625_000000_20230223NFWTDP33k,Manual,G,Male,67,No,0
Odour3.3,0,Water3,1677152542625_000000_20230223NFWTDP33k,Manual,G,Male,67,No,0
Odour1.1,37.7,Novel1,1677152566807_000000_20230223NFWTDP51j,Manual,G,Male,67,No,1
Odour1.2,61.1,Novel2,1677152566807_000000_20230223NFWTDP51j,Manual,G,Male,67,No,1
Odour1.3,34.8,Novel3,1677152566807_000000_20230223NFWTDP51j,Manual,G,Male,67,No,1
Odour2.1,90,Familiar1,1677152566807_000000_20230223NFWTDP51j,Manual,G,Male,67,No,1
Odour2.2,96,Familiar2,1677152566807_000000_20230223NFWTDP51j,Manual,G,Male,67,No,1
Odour2.3,79.1,Familiar3,1677152566807_000000_20230223NFWTDP51j,Manual,G,Male,67,No,1
Odour3.1,18.3,Water1,1677152566807_000000_20230223NFWTDP51j,Manual,G,Male,67,No,1
Odour3.2,8.4,Water2,1677152566807_000000_20230223NFWTDP51j,Manual,G,Male,67,No,1
Odour3.3,2.8,Water3,1677152566807_000000_20230223NFWTDP51j,Manual,G,Male,67,No,1
Odour1.1,39.4,Novel1,1677152640243_000000_20230223NFWTDP33n,Manual,H,Male,67,No,1
Odour1.2,69.1,Novel2,1677152640243_000000_20230223NFWTDP33n,Manual,H,Male,67,No,1
Odour1.3,11.3,Novel3,1677152640243_000000_20230223NFWTDP33n,Manual,H,Male,67,No,1
Odour2.1,45,Familiar1,1677152640243_000000_20230223NFWTDP33n,Manual,H,Male,67,No,1
Odour2.2,15.8,Familiar2,1677152640243_000000_20230223NFWTDP33n,Manual,H,Male,67,No,1
Odour2.3,0,Familiar3,1677152640243_000000_20230223NFWTDP33n,Manual,H,Male,67,No,1
Odour3.1,12.9,Water1,1677152640243_000000_20230223NFWTDP33n,Manual,H,Male,67,No,1
Odour3.2,12.3,Water2,1677152640243_000000_20230223NFWTDP33n,Manual,H,Male,67,No,1
Odour3.3,9.6,Water3,1677152640243_000000_20230223NFWTDP33n,Manual,H,Male,67,No,1
Odour1.1,8.24,Familiar1,1671698557029_000000_20222212FNWTDP4361a,ML,H,Female,67,No,0
Odour1.2,4.04,Familiar2,1671698557029_000000_20222212FNWTDP4361a,ML,H,Female,67,No,0
Odour1.3,2.28,Familiar3,1671698557029_000000_20222212FNWTDP4361a,ML,H,Female,67,No,0
Odour2.1,4.88,Novel1,1671698557029_000000_20222212FNWTDP4361a,ML,H,Female,67,No,0
Odour2.2,3.04,Novel2,1671698557029_000000_20222212FNWTDP4361a,ML,H,Female,67,No,0
Odour2.3,0,Novel3,1671698557029_000000_20222212FNWTDP4361a,ML,H,Female,67,No,0
Odour3.1,0.2,Water1,1671698557029_000000_20222212FNWTDP4361a,ML,H,Female,67,No,0
Odour3.2,3.12,Water2,1671698557029_000000_20222212FNWTDP4361a,ML,H,Female,67,No,0
Odour3.3,0,Water3,1671698557029_000000_20222212FNWTDP4361a,ML,H,Female,67,No,0
Odour1.1,32.8,Familiar1,1671698589150_000000_20222212FNWTDP4391a,ML,H,Female,67,No,1
Odour1.2,18.72,Familiar2,1671698589150_000000_20222212FNWTDP4391a,ML,H,Female,67,No,1
Odour1.3,5.56,Familiar3,1671698589150_000000_20222212FNWTDP4391a,ML,H,Female,67,No,1
Odour2.1,20.6,Novel1,1671698589150_000000_20222212FNWTDP4391a,ML,H,Female,67,No,1
Odour2.2,8.84,Novel2,1671698589150_000000_20222212FNWTDP4391a,ML,H,Female,67,No,1
Odour2.3,7.12,Novel3,1671698589150_000000_20222212FNWTDP4391a,ML,H,Female,67,No,1
Odour3.1,10.12,Water1,1671698589150_000000_20222212FNWTDP4391a,ML,H,Female,67,No,1
Odour3.2,4.28,Water2,1671698589150_000000_20222212FNWTDP4391a,ML,H,Female,67,No,1
Odour3.3,5,Water3,1671698589150_000000_20222212FNWTDP4391a,ML,H,Female,67,No,1
Odour1.1,0,Novel1,1671700910553_000000_20222212NFWTDP4322d,ML,H,Female,67,No,0
Odour1.2,37.72,Novel2,1671700910553_000000_20222212NFWTDP4322d,ML,H,Female,67,No,0
Odour1.3,9.04,Novel3,1671700910553_000000_20222212NFWTDP4322d,ML,H,Female,67,No,0
Odour2.1,7.24,Familiar1,1671700910553_000000_20222212NFWTDP4322d,ML,H,Female,67,No,0
Odour2.2,4.48,Familiar2,1671700910553_000000_20222212NFWTDP4322d,ML,H,Female,67,No,0
Odour2.3,23.36,Familiar3,1671700910553_000000_20222212NFWTDP4322d,ML,H,Female,67,No,0
Odour3.1,16.84,Water1,1671700910553_000000_20222212NFWTDP4322d,ML,H,Female,67,No,1
Odour3.2,8.96,Water2,1671700910553_000000_20222212NFWTDP4322d,ML,H,Female,67,No,1
Odour3.3,2.64,Water3,1671700910553_000000_20222212NFWTDP4322d,ML,H,Female,67,No,1
Odour1.1,37.68,Novel1,1671700969130_000000_20222212NFWTDP4361c,ML,H,Female,67,No,1
Odour1.2,6.32,Novel2,1671700969130_000000_20222212NFWTDP4361c,ML,H,Female,67,No,1
Odour1.3,3.52,Novel3,1671700969130_000000_20222212NFWTDP4361c,ML,H,Female,67,No,1
Odour2.1,23.92,Familiar1,1671700969130_000000_20222212NFWTDP4361c,ML,H,Female,67,No,1
Odour2.2,0,Familiar2,1671700969130_000000_20222212NFWTDP4361c,ML,H,Female,67,No,1
Odour2.3,11.4,Familiar3,1671700969130_000000_20222212NFWTDP4361c,ML,H,Female,67,No,1
Odour3.1,11.04,Water1,1671700969130_000000_20222212NFWTDP4361c,ML,H,Female,67,No,1
Odour3.2,0.96,Water2,1671700969130_000000_20222212NFWTDP4361c,ML,H,Female,67,No,1
Odour3.3,0,Water3,1671700969130_000000_20222212NFWTDP4361c,ML,H,Female,67,No,1
Odour1.1,21,Novel1,1671701062352_000000_20222212NFWTDP4391g,ML,H,Male,67,No,1
Odour1.2,3.76,Novel2,1671701062352_000000_20222212NFWTDP4391g,ML,H,Male,67,No,1
Odour1.3,1.8,Novel3,1671701062352_000000_20222212NFWTDP4391g,ML,H,Male,67,No,1
Odour2.1,7.48,Familiar1,1671701062352_000000_20222212NFWTDP4391g,ML,H,Male,67,No,0
Odour2.2,0,Familiar2,1671701062352_000000_20222212NFWTDP4391g,ML,H,Male,67,No,0
Odour2.3,1.2,Familiar3,1671701062352_000000_20222212NFWTDP4391g,ML,H,Male,67,No,0
Odour3.1,2.88,Water1,1671701062352_000000_20222212NFWTDP4391g,ML,H,Male,67,No,0
Odour3.2,0.56,Water2,1671701062352_000000_20222212NFWTDP4391g,ML,H,Male,67,No,0
Odour3.3,0,Water3,1671701062352_000000_20222212NFWTDP4391g,ML,H,Male,67,No,0
Odour1.1,27.32,Water1,1671706619369_000000_20222212WFNTDP4311b,ML,G,Female,67,No,1
Odour1.2,6.96,Water2,1671706619369_000000_20222212WFNTDP4311b,ML,G,Female,67,No,1
Odour1.3,5.96,Water3,1671706619369_000000_20222212WFNTDP4311b,ML,G,Female,67,No,1
Odour2.1,39.8,Familiar1,1671706619369_000000_20222212WFNTDP4311b,ML,G,Female,67,No,1
Odour2.2,11.16,Familiar2,1671706619369_000000_20222212WFNTDP4311b,ML,G,Female,67,No,1
Odour2.3,3.36,Familiar3,1671706619369_000000_20222212WFNTDP4311b,ML,G,Female,67,No,1
Odour3.1,0,Novel1,1671706619369_000000_20222212WFNTDP4311b,ML,G,Female,67,No,0
Odour3.2,0,Novel2,1671706619369_000000_20222212WFNTDP4311b,ML,G,Female,67,No,0
Odour3.3,37.04,Novel3,1671706619369_000000_20222212WFNTDP4311b,ML,G,Female,67,No,0
Odour1.1,41.68,Water1,1671709425764_000000_20222212WFNTDP4311f,ML,H,Male,67,No,1
Odour1.2,19.4,Water2,1671709425764_000000_20222212WFNTDP4311f,ML,H,Male,67,No,1
Odour1.3,42.76,Water3,1671709425764_000000_20222212WFNTDP4311f,ML,H,Male,67,No,1
Odour2.1,11.64,Familiar1,1671709425764_000000_20222212WFNTDP4311f,ML,H,Male,67,No,1
Odour2.2,0.84,Familiar2,1671709425764_000000_20222212WFNTDP4311f,ML,H,Male,67,No,1
Odour2.3,0.76,Familiar3,1671709425764_000000_20222212WFNTDP4311f,ML,H,Male,67,No,1
Odour3.1,0.64,Novel1,1671709425764_000000_20222212WFNTDP4311f,ML,H,Male,67,No,0
Odour3.2,0.64,Novel2,1671709425764_000000_20222212WFNTDP4311f,ML,H,Male,67,No,0
Odour3.3,0.68,Novel3,1671709425764_000000_20222212WFNTDP4311f,ML,H,Male,67,No,0
Odour1.1,20.8,Novel1,1671709530848_000000_20222212NWFTDP4331c,ML,H,Male,67,No,1
Odour1.2,4.88,Novel2,1671709530848_000000_20222212NWFTDP4331c,ML,H,Male,67,No,1
Odour1.3,1.12,Novel3,1671709530848_000000_20222212NWFTDP4331c,ML,H,Male,67,No,1
Odour2.1,2.04,Water1,1671709530848_000000_20222212NWFTDP4331c,ML,H,Male,67,No,0
Odour2.2,0,Water2,1671709530848_000000_20222212NWFTDP4331c,ML,H,Male,67,No,0
Odour2.3,2.48,Water3,1671709530848_000000_20222212NWFTDP4331c,ML,H,Male,67,No,0
Odour3.1,4.56,Familiar1,1671709530848_000000_20222212NWFTDP4331c,ML,H,Male,67,No,0
Odour3.2,2.36,Familiar2,1671709530848_000000_20222212NWFTDP4331c,ML,H,Male,67,No,0
Odour3.3,0,Familiar3,1671709530848_000000_20222212NWFTDP4331c,ML,H,Male,67,No,0
Odour1.1,34.6,Novel1,1677141755316_000000_20230223NWFTDP12b,ML,G,Female,67,No,1
Odour1.2,20.44,Novel2,1677141755316_000000_20230223NWFTDP12b,ML,G,Female,67,No,1
Odour1.3,12.84,Novel3,1677141755316_000000_20230223NWFTDP12b,ML,G,Female,67,No,1
Odour2.1,16.8,Water1,1677141755316_000000_20230223NWFTDP12b,ML,G,Female,67,No,1
Odour2.2,1.96,Water2,1677141755316_000000_20230223NWFTDP12b,ML,G,Female,67,No,1
Odour2.3,0,Water3,1677141755316_000000_20230223NWFTDP12b,ML,G,Female,67,No,1
Odour3.1,34.12,Familiar1,1677141755316_000000_20230223NWFTDP12b,ML,G,Female,67,No,1
Odour3.2,17.36,Familiar2,1677141755316_000000_20230223NWFTDP12b,ML,G,Female,67,No,1
Odour3.3,14.4,Familiar3,1677141755316_000000_20230223NWFTDP12b,ML,G,Female,67,No,1
Odour1.1,38.36,Novel1,1677142227995_000000_20230223NWFTDP23c,ML,G,Female,67,No,1
Odour1.2,24.28,Novel2,1677142227995_000000_20230223NWFTDP23c,ML,G,Female,67,No,1
Odour1.3,27.88,Novel3,1677142227995_000000_20230223NWFTDP23c,ML,G,Female,67,No,1
Odour2.1,47.36,Water1,1677142227995_000000_20230223NWFTDP23c,ML,G,Female,67,No,1
Odour2.2,15.8,Water2,1677142227995_000000_20230223NWFTDP23c,ML,G,Female,67,No,1
Odour2.3,0,Water3,1677142227995_000000_20230223NWFTDP23c,ML,G,Female,67,No,1
Odour3.1,20.92,Familiar1,1677142227995_000000_20230223NWFTDP23c,ML,G,Female,67,No,1
Odour3.2,15.32,Familiar2,1677142227995_000000_20230223NWFTDP23c,ML,G,Female,67,No,1
Odour3.3,3.76,Familiar3,1677142227995_000000_20230223NWFTDP23c,ML,G,Female,67,No,1
Odour1.1,16.76,Water1,1677142291979_000000_20230223WFNTDP12e,ML,H,Female,67,No,1
Odour1.2,1.76,Water2,1677142291979_000000_20230223WFNTDP12e,ML,H,Female,67,No,1
Odour1.3,7,Water3,1677142291979_000000_20230223WFNTDP12e,ML,H,Female,67,No,1
Odour2.1,54.48,Familiar1,1677142291979_000000_20230223WFNTDP12e,ML,H,Female,67,No,1
Odour2.2,4.28,Familiar2,1677142291979_000000_20230223WFNTDP12e,ML,H,Female,67,No,1
Odour2.3,17.64,Familiar3,1677142291979_000000_20230223WFNTDP12e,ML,H,Female,67,No,1
Odour3.1,39.08,Novel1,1677142291979_000000_20230223WFNTDP12e,ML,H,Female,67,No,1
Odour3.2,10.76,Novel2,1677142291979_000000_20230223WFNTDP12e,ML,H,Female,67,No,1
Odour3.3,7.88,Novel3,1677142291979_000000_20230223WFNTDP12e,ML,H,Female,67,No,1
Odour1.1,6.32,Water1,1677142318225_000000_20230223WFNTDP24c,ML,H,Female,67,No,0
Odour1.2,1.56,Water2,1677142318225_000000_20230223WFNTDP24c,ML,H,Female,67,No,0
Odour1.3,2.2,Water3,1677142318225_000000_20230223WFNTDP24c,ML,H,Female,67,No,0
Odour2.1,32.32,Familiar1,1677142318225_000000_20230223WFNTDP24c,ML,H,Female,67,No,1
Odour2.2,6.76,Familiar2,1677142318225_000000_20230223WFNTDP24c,ML,H,Female,67,No,1
Odour2.3,0.88,Familiar3,1677142318225_000000_20230223WFNTDP24c,ML,H,Female,67,No,1
Odour3.1,31.4,Novel1,1677142318225_000000_20230223WFNTDP24c,ML,H,Female,67,No,1
Odour3.2,11.12,Novel2,1677142318225_000000_20230223WFNTDP24c,ML,H,Female,67,No,1
Odour3.3,4.48,Novel3,1677142318225_000000_20230223WFNTDP24c,ML,H,Female,67,No,1
Odour1.1,10.72,Water1,1677142681455_000000_20230223WFNTDP42b,ML,H,Female,67,No,1
Odour1.2,10.84,Water2,1677142681455_000000_20230223WFNTDP42b,ML,H,Female,67,No,1
Odour1.3,2.64,Water3,1677142681455_000000_20230223WFNTDP42b,ML,H,Female,67,No,1
Odour2.1,45.2,Familiar1,1677142681455_000000_20230223WFNTDP42b,ML,H,Female,67,No,1
Odour2.2,9.2,Familiar2,1677142681455_000000_20230223WFNTDP42b,ML,H,Female,67,No,1
Odour2.3,5.12,Familiar3,1677142681455_000000_20230223WFNTDP42b,ML,H,Female,67,No,1
Odour3.1,22.64,Novel1,1677142681455_000000_20230223WFNTDP42b,ML,H,Female,67,No,1
Odour3.2,23.28,Novel2,1677142681455_000000_20230223WFNTDP42b,ML,H,Female,67,No,1
Odour3.3,4,Novel3,1677142681455_000000_20230223WFNTDP42b,ML,H,Female,67,No,1
Odour1.1,16.36,Water1,1677150255589_000000_20230223WFNTDP82e,ML,G,Male,67,No,1
Odour1.2,2.68,Water2,1677150255589_000000_20230223WFNTDP82e,ML,G,Male,67,No,1
Odour1.3,7.16,Water3,1677150255589_000000_20230223WFNTDP82e,ML,G,Male,67,No,1
Odour2.1,43.92,Familiar1,1677150255589_000000_20230223WFNTDP82e,ML,G,Male,67,No,1
Odour2.2,80.88,Familiar2,1677150255589_000000_20230223WFNTDP82e,ML,G,Male,67,No,1
Odour2.3,20.36,Familiar3,1677150255589_000000_20230223WFNTDP82e,ML,G,Male,67,No,1
Odour3.1,53.4,Novel1,1677150255589_000000_20230223WFNTDP82e,ML,G,Male,67,No,1
Odour3.2,20.92,Novel2,1677150255589_000000_20230223WFNTDP82e,ML,G,Male,67,No,1
Odour3.3,15.92,Novel3,1677150255589_000000_20230223WFNTDP82e,ML,G,Male,67,No,1
Odour1.1,17.16,Water1,1677150284105_000000_20230223WFNTDP92f,ML,G,Male,67,No,1
Odour1.2,14.64,Water2,1677150284105_000000_20230223WFNTDP92f,ML,G,Male,67,No,1
Odour1.3,0,Water3,1677150284105_000000_20230223WFNTDP92f,ML,G,Male,67,No,1
Odour2.1,71.92,Familiar1,1677150284105_000000_20230223WFNTDP92f,ML,G,Male,67,No,1
Odour2.2,51.64,Familiar2,1677150284105_000000_20230223WFNTDP92f,ML,G,Male,67,No,1
Odour2.3,1.4,Familiar3,1677150284105_000000_20230223WFNTDP92f,ML,G,Male,67,No,1
Odour3.1,40.12,Novel1,1677150284105_000000_20230223WFNTDP92f,ML,G,Male,67,No,1
Odour3.2,8.28,Novel2,1677150284105_000000_20230223WFNTDP92f,ML,G,Male,67,No,1
Odour3.3,36.88,Novel3,1677150284105_000000_20230223WFNTDP92f,ML,G,Male,67,No,1
Odour1.1,34.36,Familiar1,1677150333334_000000_20230223FNWTDP33i,ML,G,Male,67,No,1
Odour1.2,10.44,Familiar2,1677150333334_000000_20230223FNWTDP33i,ML,G,Male,67,No,1
Odour1.3,0,Familiar3,1677150333334_000000_20230223FNWTDP33i,ML,G,Male,67,No,1
Odour2.1,22.48,Novel1,1677150333334_000000_20230223FNWTDP33i,ML,G,Male,67,No,1
Odour2.2,8.04,Novel2,1677150333334_000000_20230223FNWTDP33i,ML,G,Male,67,No,1
Odour2.3,7.68,Novel3,1677150333334_000000_20230223FNWTDP33i,ML,G,Male,67,No,1
Odour3.1,0,Water1,1677150333334_000000_20230223FNWTDP33i,ML,G,Male,67,No,0
Odour3.2,0.2,Water2,1677150333334_000000_20230223FNWTDP33i,ML,G,Male,67,No,0
Odour3.3,0,Water3,1677150333334_000000_20230223FNWTDP33i,ML,G,Male,67,No,0
Odour1.1,46.08,Familiar1,1677150417591_000000_20230223FNWTDP63f,ML,G,Male,67,No,1
Odour1.2,30.04,Familiar2,1677150417591_000000_20230223FNWTDP63f,ML,G,Male,67,No,1
Odour1.3,13.64,Familiar3,1677150417591_000000_20230223FNWTDP63f,ML,G,Male,67,No,1
Odour2.1,48.96,Novel1,1677150417591_000000_20230223FNWTDP63f,ML,G,Male,67,No,1
Odour2.2,65.4,Novel2,1677150417591_000000_20230223FNWTDP63f,ML,G,Male,67,No,1
Odour2.3,24.32,Novel3,1677150417591_000000_20230223FNWTDP63f,ML,G,Male,67,No,1
Odour3.1,22.4,Water1,1677150417591_000000_20230223FNWTDP63f,ML,G,Male,67,No,1
Odour3.2,7.32,Water2,1677150417591_000000_20230223FNWTDP63f,ML,G,Male,67,No,1
Odour3.3,1.8,Water3,1677150417591_000000_20230223FNWTDP63f,ML,G,Male,67,No,1
Odour1.1,22.32,Novel1,1677152542625_000000_20230223NFWTDP33k,ML,G,Male,67,No,1
Odour1.2,18.48,Novel2,1677152542625_000000_20230223NFWTDP33k,ML,G,Male,67,No,1
Odour1.3,9.92,Novel3,1677152542625_000000_20230223NFWTDP33k,ML,G,Male,67,No,1
Odour2.1,32.72,Familiar1,1677152542625_000000_20230223NFWTDP33k,ML,G,Male,67,No,1
Odour2.2,5.04,Familiar2,1677152542625_000000_20230223NFWTDP33k,ML,G,Male,67,No,1
Odour2.3,0,Familiar3,1677152542625_000000_20230223NFWTDP33k,ML,G,Male,67,No,1
Odour3.1,6.96,Water1,1677152542625_000000_20230223NFWTDP33k,ML,G,Male,67,No,0
Odour3.2,0,Water2,1677152542625_000000_20230223NFWTDP33k,ML,G,Male,67,No,0
Odour3.3,0,Water3,1677152542625_000000_20230223NFWTDP33k,ML,G,Male,67,No,0
Odour1.1,28.48,Novel1,1677152566807_000000_20230223NFWTDP51j,ML,G,Male,67,No,1
Odour1.2,60.28,Novel2,1677152566807_000000_20230223NFWTDP51j,ML,G,Male,67,No,1
Odour1.3,31.08,Novel3,1677152566807_000000_20230223NFWTDP51j,ML,G,Male,67,No,1
Odour2.1,77.08,Familiar1,1677152566807_000000_20230223NFWTDP51j,ML,G,Male,67,No,1
Odour2.2,83.88,Familiar2,1677152566807_000000_20230223NFWTDP51j,ML,G,Male,67,No,1
Odour2.3,66.72,Familiar3,1677152566807_000000_20230223NFWTDP51j,ML,G,Male,67,No,1
Odour3.1,12.92,Water1,1677152566807_000000_20230223NFWTDP51j,ML,G,Male,67,No,1
Odour3.2,4.96,Water2,1677152566807_000000_20230223NFWTDP51j,ML,G,Male,67,No,1
Odour3.3,1.28,Water3,1677152566807_000000_20230223NFWTDP51j,ML,G,Male,67,No,1
Odour1.1,2.96,Novel1,1677152640243_000000_20230223NFWTDP33n,ML,H,Male,67,No,0
Odour1.2,1.84,Novel2,1677152640243_000000_20230223NFWTDP33n,ML,H,Male,67,No,0
Odour1.3,2.96,Novel3,1677152640243_000000_20230223NFWTDP33n,ML,H,Male,67,No,0
Odour2.1,13.24,Familiar1,1677152640243_000000_20230223NFWTDP33n,ML,H,Male,67,No,1
Odour2.2,10.24,Familiar2,1677152640243_000000_20230223NFWTDP33n,ML,H,Male,67,No,1
Odour2.3,0,Familiar3,1677152640243_000000_20230223NFWTDP33n,ML,H,Male,67,No,1
Odour3.1,3.48,Water1,1677152640243_000000_20230223NFWTDP33n,ML,H,Male,67,No,0
Odour3.2,1.08,Water2,1677152640243_000000_20230223NFWTDP33n,ML,H,Male,67,No,0
Odour3.3,0.84,Water3,1677152640243_000000_20230223NFWTDP33n,ML,H,Male,67,No,0
