Video,Bin,Sum_Value
filtered_1639647681198_000000_20211216WFNTDP4341acropped,1,14.72
filtered_1639647681198_000000_20211216WFNTDP4341acropped,2,18.080000000000002
filtered_1639647681198_000000_20211216WFNTDP4341acropped,3,31.0
filtered_1639647681198_000000_20211216WFNTDP4341acropped,4,0.0
filtered_1639647681198_000000_20211216WFNTDP4341acropped,5,0.0
filtered_1639647681198_000000_20211216WFNTDP4341acropped,6,58.92
filtered_1639647681198_000000_20211216WFNTDP4341acropped,7,2.3200000000000003
filtered_1639647681198_000000_20211216WFNTDP4341acropped,8,11.4
filtered_1639647681198_000000_20211216WFNTDP4341acropped,9,0.0
filtered_1639648004702_000000_20211216NFWTDP4311acropped,1,7.52
filtered_1639648004702_000000_20211216NFWTDP4311acropped,2,25.4
filtered_1639648004702_000000_20211216NFWTDP4311acropped,3,0.5599999999999999
filtered_1639648004702_000000_20211216NFWTDP4311acropped,4,4.72
filtered_1639648004702_000000_20211216NFWTDP4311acropped,5,0.0
filtered_1639648004702_000000_20211216NFWTDP4311acropped,6,0.0
filtered_1639648004702_000000_20211216NFWTDP4311acropped,7,16.72
filtered_1639648004702_000000_20211216NFWTDP4311acropped,8,17.6
filtered_1639648004702_000000_20211216NFWTDP4311acropped,9,0.24
filtered_1639654701381_000000_20211216FNWTDP4321bcropped,1,26.88
filtered_1639654701381_000000_20211216FNWTDP4321bcropped,2,11.64
filtered_1639654701381_000000_20211216FNWTDP4321bcropped,3,0.76
filtered_1639654701381_000000_20211216FNWTDP4321bcropped,4,6.3999999999999995
filtered_1639654701381_000000_20211216FNWTDP4321bcropped,5,1.04
filtered_1639654701381_000000_20211216FNWTDP4321bcropped,6,5.5600000000000005
filtered_1639654701381_000000_20211216FNWTDP4321bcropped,7,22.6
filtered_1639654701381_000000_20211216FNWTDP4321bcropped,8,0.0
filtered_1639654701381_000000_20211216FNWTDP4321bcropped,9,0.0
filtered_1639654878289_000000_20211216NFWTDP4322dcropped,1,19.64
filtered_1639654878289_000000_20211216NFWTDP4322dcropped,2,4.36
filtered_1639654878289_000000_20211216NFWTDP4322dcropped,3,19.08
filtered_1639654878289_000000_20211216NFWTDP4322dcropped,4,4.68
filtered_1639654878289_000000_20211216NFWTDP4322dcropped,5,0.0
filtered_1639654878289_000000_20211216NFWTDP4322dcropped,6,0.24
filtered_1639654878289_000000_20211216NFWTDP4322dcropped,7,4.2
filtered_1639654878289_000000_20211216NFWTDP4322dcropped,8,7.08
filtered_1639654878289_000000_20211216NFWTDP4322dcropped,9,3.84
filtered_1639654911074_000000_20211216NFWTDP4332acropped,1,22.68
filtered_1639654911074_000000_20211216NFWTDP4332acropped,2,5.24
filtered_1639654911074_000000_20211216NFWTDP4332acropped,3,1.6000000000000003
filtered_1639654911074_000000_20211216NFWTDP4332acropped,4,10.56
filtered_1639654911074_000000_20211216NFWTDP4332acropped,5,1.96
filtered_1639654911074_000000_20211216NFWTDP4332acropped,6,6.720000000000001
filtered_1639654911074_000000_20211216NFWTDP4332acropped,7,10.0
filtered_1639654911074_000000_20211216NFWTDP4332acropped,8,5.279999999999999
filtered_1639654911074_000000_20211216NFWTDP4332acropped,9,0.92
filtered_1639654945839_000000_20211216NFWTDP4361ccropped,1,56.08
filtered_1639654945839_000000_20211216NFWTDP4361ccropped,2,14.2
filtered_1639654945839_000000_20211216NFWTDP4361ccropped,3,2.2800000000000002
filtered_1639654945839_000000_20211216NFWTDP4361ccropped,4,12.36
filtered_1639654945839_000000_20211216NFWTDP4361ccropped,5,10.68
filtered_1639654945839_000000_20211216NFWTDP4361ccropped,6,13.2
filtered_1639654945839_000000_20211216NFWTDP4361ccropped,7,3.16
filtered_1639654945839_000000_20211216NFWTDP4361ccropped,8,7.04
filtered_1639654945839_000000_20211216NFWTDP4361ccropped,9,3.12
filtered_1639657412770_000000_20211216FNWTDP4311fcropped,1,33.52
filtered_1639657412770_000000_20211216FNWTDP4311fcropped,2,21.92
filtered_1639657412770_000000_20211216FNWTDP4311fcropped,3,28.08
filtered_1639657412770_000000_20211216FNWTDP4311fcropped,4,20.200000000000003
filtered_1639657412770_000000_20211216FNWTDP4311fcropped,5,7.32
filtered_1639657412770_000000_20211216FNWTDP4311fcropped,6,0.0
filtered_1639657412770_000000_20211216FNWTDP4311fcropped,7,9.399999999999999
filtered_1639657412770_000000_20211216FNWTDP4311fcropped,8,0.0
filtered_1639657412770_000000_20211216FNWTDP4311fcropped,9,0.0
filtered_1639657513165_000000_20211216FNWTDP4361gcropped,1,22.52
filtered_1639657513165_000000_20211216FNWTDP4361gcropped,2,28.04
filtered_1639657513165_000000_20211216FNWTDP4361gcropped,3,31.6
filtered_1639657513165_000000_20211216FNWTDP4361gcropped,4,23.36
filtered_1639657513165_000000_20211216FNWTDP4361gcropped,5,45.64
filtered_1639657513165_000000_20211216FNWTDP4361gcropped,6,14.2
filtered_1639657513165_000000_20211216FNWTDP4361gcropped,7,30.520000000000003
filtered_1639657513165_000000_20211216FNWTDP4361gcropped,8,8.24
filtered_1639657513165_000000_20211216FNWTDP4361gcropped,9,0.0
filtered_1639657662975_000000_20211216WFNTDP4311icropped,1,4.6
filtered_1639657662975_000000_20211216WFNTDP4311icropped,2,0.2
filtered_1639657662975_000000_20211216WFNTDP4311icropped,3,0.0
filtered_1639657662975_000000_20211216WFNTDP4311icropped,4,32.08
filtered_1639657662975_000000_20211216WFNTDP4311icropped,5,24.72
filtered_1639657662975_000000_20211216WFNTDP4311icropped,6,5.5600000000000005
filtered_1639657662975_000000_20211216WFNTDP4311icropped,7,0.0
filtered_1639657662975_000000_20211216WFNTDP4311icropped,8,0.0
filtered_1639657662975_000000_20211216WFNTDP4311icropped,9,0.0
filtered_1639657707616_000000_20211216WFNTDP4391hcropped,1,3.72
filtered_1639657707616_000000_20211216WFNTDP4391hcropped,2,0.0
filtered_1639657707616_000000_20211216WFNTDP4391hcropped,3,24.240000000000002
filtered_1639657707616_000000_20211216WFNTDP4391hcropped,4,47.92
filtered_1639657707616_000000_20211216WFNTDP4391hcropped,5,14.08
filtered_1639657707616_000000_20211216WFNTDP4391hcropped,6,8.24
filtered_1639657707616_000000_20211216WFNTDP4391hcropped,7,9.879999999999999
filtered_1639657707616_000000_20211216WFNTDP4391hcropped,8,6.4799999999999995
filtered_1639657707616_000000_20211216WFNTDP4391hcropped,9,0.0
filtered_1639663160017_000000_20211216NFWTDP4311hcropped,1,22.48
filtered_1639663160017_000000_20211216NFWTDP4311hcropped,2,29.88
filtered_1639663160017_000000_20211216NFWTDP4311hcropped,3,47.760000000000005
filtered_1639663160017_000000_20211216NFWTDP4311hcropped,4,7.5200000000000005
filtered_1639663160017_000000_20211216NFWTDP4311hcropped,5,5.96
filtered_1639663160017_000000_20211216NFWTDP4311hcropped,6,2.28
filtered_1639663160017_000000_20211216NFWTDP4311hcropped,7,11.84
filtered_1639663160017_000000_20211216NFWTDP4311hcropped,8,0.0
filtered_1639663160017_000000_20211216NFWTDP4311hcropped,9,0.0
filtered_1639663198143_000000_20211216NFWTDP4381dcropped,1,26.32
filtered_1639663198143_000000_20211216NFWTDP4381dcropped,2,11.16
filtered_1639663198143_000000_20211216NFWTDP4381dcropped,3,42.72
filtered_1639663198143_000000_20211216NFWTDP4381dcropped,4,3.96
filtered_1639663198143_000000_20211216NFWTDP4381dcropped,5,0.0
filtered_1639663198143_000000_20211216NFWTDP4381dcropped,6,0.0
filtered_1639663198143_000000_20211216NFWTDP4381dcropped,7,35.28
filtered_1639663198143_000000_20211216NFWTDP4381dcropped,8,1.8
filtered_1639663198143_000000_20211216NFWTDP4381dcropped,9,0.0
filtered_1639663244146_000000_20211216NFWTDP4391gcropped,1,18.36
filtered_1639663244146_000000_20211216NFWTDP4391gcropped,2,4.32
filtered_1639663244146_000000_20211216NFWTDP4391gcropped,3,0.0
filtered_1639663244146_000000_20211216NFWTDP4391gcropped,4,24.4
filtered_1639663244146_000000_20211216NFWTDP4391gcropped,5,52.959999999999994
filtered_1639663244146_000000_20211216NFWTDP4391gcropped,6,37.88
filtered_1639663244146_000000_20211216NFWTDP4391gcropped,7,10.56
filtered_1639663244146_000000_20211216NFWTDP4391gcropped,8,0.0
filtered_1639663244146_000000_20211216NFWTDP4391gcropped,9,0.0
filtered_1640080226289_000000_20211221WFNC9ORF22dshortcropped,1,19.96
filtered_1640080226289_000000_20211221WFNC9ORF22dshortcropped,2,0.6
filtered_1640080226289_000000_20211221WFNC9ORF22dshortcropped,3,5.040000000000001
filtered_1640080226289_000000_20211221WFNC9ORF22dshortcropped,4,41.239999999999995
filtered_1640080226289_000000_20211221WFNC9ORF22dshortcropped,5,13.2
filtered_1640080226289_000000_20211221WFNC9ORF22dshortcropped,6,7.08
filtered_1640080226289_000000_20211221WFNC9ORF22dshortcropped,7,20.0
filtered_1640080226289_000000_20211221WFNC9ORF22dshortcropped,8,15.119999999999997
filtered_1640080226289_000000_20211221WFNC9ORF22dshortcropped,9,11.879999999999999
filtered_1640080258516_000000_20211221WFNC9ORF13ccropped,1,31.96
filtered_1640080258516_000000_20211221WFNC9ORF13ccropped,2,5.4
filtered_1640080258516_000000_20211221WFNC9ORF13ccropped,3,15.440000000000001
filtered_1640080258516_000000_20211221WFNC9ORF13ccropped,4,33.48
filtered_1640080258516_000000_20211221WFNC9ORF13ccropped,5,28.680000000000003
filtered_1640080258516_000000_20211221WFNC9ORF13ccropped,6,30.28
filtered_1640080258516_000000_20211221WFNC9ORF13ccropped,7,27.919999999999998
filtered_1640080258516_000000_20211221WFNC9ORF13ccropped,8,19.4
filtered_1640080258516_000000_20211221WFNC9ORF13ccropped,9,24.44
filtered_1640080293769_000000_20211221WFNC9ORF31fcropped,1,13.919999999999998
filtered_1640080293769_000000_20211221WFNC9ORF31fcropped,2,0.0
filtered_1640080293769_000000_20211221WFNC9ORF31fcropped,3,3.9199999999999995
filtered_1640080293769_000000_20211221WFNC9ORF31fcropped,4,31.480000000000004
filtered_1640080293769_000000_20211221WFNC9ORF31fcropped,5,33.96
filtered_1640080293769_000000_20211221WFNC9ORF31fcropped,6,6.680000000000001
filtered_1640080293769_000000_20211221WFNC9ORF31fcropped,7,6.2
filtered_1640080293769_000000_20211221WFNC9ORF31fcropped,8,20.800000000000004
filtered_1640080293769_000000_20211221WFNC9ORF31fcropped,9,27.560000000000002
filtered_1640082510404_000000_20211221FNWC9ORF41acropped,1,18.12
filtered_1640082510404_000000_20211221FNWC9ORF41acropped,2,14.920000000000002
filtered_1640082510404_000000_20211221FNWC9ORF41acropped,3,1.6
filtered_1640082510404_000000_20211221FNWC9ORF41acropped,4,29.52
filtered_1640082510404_000000_20211221FNWC9ORF41acropped,5,17.6
filtered_1640082510404_000000_20211221FNWC9ORF41acropped,6,16.160000000000004
filtered_1640082510404_000000_20211221FNWC9ORF41acropped,7,11.16
filtered_1640082510404_000000_20211221FNWC9ORF41acropped,8,2.04
filtered_1640082510404_000000_20211221FNWC9ORF41acropped,9,0.0
filtered_1640087167661_000000_20211221NFWC9ORF22gcropped,1,16.6
filtered_1640087167661_000000_20211221NFWC9ORF22gcropped,2,10.879999999999999
filtered_1640087167661_000000_20211221NFWC9ORF22gcropped,3,5.52
filtered_1640087167661_000000_20211221NFWC9ORF22gcropped,4,43.36
filtered_1640087167661_000000_20211221NFWC9ORF22gcropped,5,15.040000000000001
filtered_1640087167661_000000_20211221NFWC9ORF22gcropped,6,8.799999999999999
filtered_1640087167661_000000_20211221NFWC9ORF22gcropped,7,10.959999999999999
filtered_1640087167661_000000_20211221NFWC9ORF22gcropped,8,11.2
filtered_1640087167661_000000_20211221NFWC9ORF22gcropped,9,4.24
filtered_1640087194969_000000_20211221NFWC9ORF22icropped,1,18.720000000000002
filtered_1640087194969_000000_20211221NFWC9ORF22icropped,2,24.08
filtered_1640087194969_000000_20211221NFWC9ORF22icropped,3,20.6
filtered_1640087194969_000000_20211221NFWC9ORF22icropped,4,19.080000000000002
filtered_1640087194969_000000_20211221NFWC9ORF22icropped,5,5.84
filtered_1640087194969_000000_20211221NFWC9ORF22icropped,6,3.04
filtered_1640087194969_000000_20211221NFWC9ORF22icropped,7,24.240000000000002
filtered_1640087194969_000000_20211221NFWC9ORF22icropped,8,15.04
filtered_1640087194969_000000_20211221NFWC9ORF22icropped,9,8.4
filtered_1640089388806_000000_20211221FNWC9ORF32ecropped,1,16.44
filtered_1640089388806_000000_20211221FNWC9ORF32ecropped,2,18.44
filtered_1640089388806_000000_20211221FNWC9ORF32ecropped,3,12.879999999999999
filtered_1640089388806_000000_20211221FNWC9ORF32ecropped,4,20.08
filtered_1640089388806_000000_20211221FNWC9ORF32ecropped,5,8.24
filtered_1640089388806_000000_20211221FNWC9ORF32ecropped,6,1.8
filtered_1640089388806_000000_20211221FNWC9ORF32ecropped,7,13.44
filtered_1640089388806_000000_20211221FNWC9ORF32ecropped,8,0.0
filtered_1640089388806_000000_20211221FNWC9ORF32ecropped,9,0.0
filtered_1640168578369_000000_20211222NWFC9ORF31Ccropped,1,20.04
filtered_1640168578369_000000_20211222NWFC9ORF31Ccropped,2,3.8400000000000003
filtered_1640168578369_000000_20211222NWFC9ORF31Ccropped,3,0.0
filtered_1640168578369_000000_20211222NWFC9ORF31Ccropped,4,0.0
filtered_1640168578369_000000_20211222NWFC9ORF31Ccropped,5,13.48
filtered_1640168578369_000000_20211222NWFC9ORF31Ccropped,6,0.0
filtered_1640168578369_000000_20211222NWFC9ORF31Ccropped,7,6.76
filtered_1640168578369_000000_20211222NWFC9ORF31Ccropped,8,4.08
filtered_1640168578369_000000_20211222NWFC9ORF31Ccropped,9,0.0
filtered_1640170700852_000000_20211222NWFC9ORF31Dcropped,1,27.719999999999995
filtered_1640170700852_000000_20211222NWFC9ORF31Dcropped,2,15.280000000000001
filtered_1640170700852_000000_20211222NWFC9ORF31Dcropped,3,29.200000000000003
filtered_1640170700852_000000_20211222NWFC9ORF31Dcropped,4,15.280000000000001
filtered_1640170700852_000000_20211222NWFC9ORF31Dcropped,5,7.04
filtered_1640170700852_000000_20211222NWFC9ORF31Dcropped,6,1.12
filtered_1640170700852_000000_20211222NWFC9ORF31Dcropped,7,29.400000000000002
filtered_1640170700852_000000_20211222NWFC9ORF31Dcropped,8,5.24
filtered_1640170700852_000000_20211222NWFC9ORF31Dcropped,9,6.5600000000000005
filtered_1640170756532_000000_20211222NWFC9ORF42Acropped,1,32.92
filtered_1640170756532_000000_20211222NWFC9ORF42Acropped,2,12.079999999999998
filtered_1640170756532_000000_20211222NWFC9ORF42Acropped,3,7.68
filtered_1640170756532_000000_20211222NWFC9ORF42Acropped,4,14.96
filtered_1640170756532_000000_20211222NWFC9ORF42Acropped,5,1.56
filtered_1640170756532_000000_20211222NWFC9ORF42Acropped,6,0.0
filtered_1640170756532_000000_20211222NWFC9ORF42Acropped,7,17.36
filtered_1640170756532_000000_20211222NWFC9ORF42Acropped,8,0.0
filtered_1640170756532_000000_20211222NWFC9ORF42Acropped,9,0.0
filtered_1640176217569_000000_20211222NFWC9ORF14Eshortcropped,1,45.84
filtered_1640176217569_000000_20211222NFWC9ORF14Eshortcropped,2,35.92
filtered_1640176217569_000000_20211222NFWC9ORF14Eshortcropped,3,0.0
filtered_1640176217569_000000_20211222NFWC9ORF14Eshortcropped,4,0.0
filtered_1640176217569_000000_20211222NFWC9ORF14Eshortcropped,5,0.0
filtered_1640176217569_000000_20211222NFWC9ORF14Eshortcropped,6,0.0
filtered_1640176217569_000000_20211222NFWC9ORF14Eshortcropped,7,9.0
filtered_1640176217569_000000_20211222NFWC9ORF14Eshortcropped,8,8.760000000000002
filtered_1640176217569_000000_20211222NFWC9ORF14Eshortcropped,9,13.52
filtered_1640178362672_000000_20211222WFNC9ORF32Dcropped,1,23.28
filtered_1640178362672_000000_20211222WFNC9ORF32Dcropped,2,22.520000000000003
filtered_1640178362672_000000_20211222WFNC9ORF32Dcropped,3,10.8
filtered_1640178362672_000000_20211222WFNC9ORF32Dcropped,4,24.76
filtered_1640178362672_000000_20211222WFNC9ORF32Dcropped,5,10.600000000000001
filtered_1640178362672_000000_20211222WFNC9ORF32Dcropped,6,6.84
filtered_1640178362672_000000_20211222WFNC9ORF32Dcropped,7,27.2
filtered_1640178362672_000000_20211222WFNC9ORF32Dcropped,8,10.120000000000001
filtered_1640178362672_000000_20211222WFNC9ORF32Dcropped,9,0.0
filtered_1640178404117_000000_20211222WFNC9ORF51Ccropped,1,4.359999999999999
filtered_1640178404117_000000_20211222WFNC9ORF51Ccropped,2,4.24
filtered_1640178404117_000000_20211222WFNC9ORF51Ccropped,3,0.0
filtered_1640178404117_000000_20211222WFNC9ORF51Ccropped,4,5.88
filtered_1640178404117_000000_20211222WFNC9ORF51Ccropped,5,19.64
filtered_1640178404117_000000_20211222WFNC9ORF51Ccropped,6,16.880000000000003
filtered_1640178404117_000000_20211222WFNC9ORF51Ccropped,7,29.4
filtered_1640178404117_000000_20211222WFNC9ORF51Ccropped,8,10.44
filtered_1640178404117_000000_20211222WFNC9ORF51Ccropped,9,0.0
filtered_1643710387214_000000_20220201NWFC9ORF61ccropped,1,44.92
filtered_1643710387214_000000_20220201NWFC9ORF61ccropped,2,27.760000000000005
filtered_1643710387214_000000_20220201NWFC9ORF61ccropped,3,33.16
filtered_1643710387214_000000_20220201NWFC9ORF61ccropped,4,35.08
filtered_1643710387214_000000_20220201NWFC9ORF61ccropped,5,13.919999999999998
filtered_1643710387214_000000_20220201NWFC9ORF61ccropped,6,11.920000000000002
filtered_1643710387214_000000_20220201NWFC9ORF61ccropped,7,12.680000000000001
filtered_1643710387214_000000_20220201NWFC9ORF61ccropped,8,8.64
filtered_1643710387214_000000_20220201NWFC9ORF61ccropped,9,8.719999999999999
filtered_1643710413634_000000_20220201NWFC9ORF62fcropped,1,31.0
filtered_1643710413634_000000_20220201NWFC9ORF62fcropped,2,15.120000000000001
filtered_1643710413634_000000_20220201NWFC9ORF62fcropped,3,1.44
filtered_1643710413634_000000_20220201NWFC9ORF62fcropped,4,49.88
filtered_1643710413634_000000_20220201NWFC9ORF62fcropped,5,18.04
filtered_1643710413634_000000_20220201NWFC9ORF62fcropped,6,34.84
filtered_1643710413634_000000_20220201NWFC9ORF62fcropped,7,25.919999999999998
filtered_1643710413634_000000_20220201NWFC9ORF62fcropped,8,24.92
filtered_1643710413634_000000_20220201NWFC9ORF62fcropped,9,18.36
filtered_1643710473231_000000_20220201FNWC9ORF41bcropped,1,0.0
filtered_1643710473231_000000_20220201FNWC9ORF41bcropped,2,0.0
filtered_1643710473231_000000_20220201FNWC9ORF41bcropped,3,20.64
filtered_1643710473231_000000_20220201FNWC9ORF41bcropped,4,19.36
filtered_1643710473231_000000_20220201FNWC9ORF41bcropped,5,4.72
filtered_1643710473231_000000_20220201FNWC9ORF41bcropped,6,1.4
filtered_1643710473231_000000_20220201FNWC9ORF41bcropped,7,5.36
filtered_1643710473231_000000_20220201FNWC9ORF41bcropped,8,0.56
filtered_1643710473231_000000_20220201FNWC9ORF41bcropped,9,0.0
filtered_1643715065534_000000_20220201FNWC9ORF62ccropped,1,25.16
filtered_1643715065534_000000_20220201FNWC9ORF62ccropped,2,3.7600000000000002
filtered_1643715065534_000000_20220201FNWC9ORF62ccropped,3,2.0
filtered_1643715065534_000000_20220201FNWC9ORF62ccropped,4,4.880000000000001
filtered_1643715065534_000000_20220201FNWC9ORF62ccropped,5,13.76
filtered_1643715065534_000000_20220201FNWC9ORF62ccropped,6,0.0
filtered_1643715065534_000000_20220201FNWC9ORF62ccropped,7,7.720000000000001
filtered_1643715065534_000000_20220201FNWC9ORF62ccropped,8,0.0
filtered_1643715065534_000000_20220201FNWC9ORF62ccropped,9,0.0
filtered_1643715125135_000000_20220201FNWC9ORF81bcropped,1,23.6
filtered_1643715125135_000000_20220201FNWC9ORF81bcropped,2,23.72
filtered_1643715125135_000000_20220201FNWC9ORF81bcropped,3,10.08
filtered_1643715125135_000000_20220201FNWC9ORF81bcropped,4,19.04
filtered_1643715125135_000000_20220201FNWC9ORF81bcropped,5,27.48
filtered_1643715125135_000000_20220201FNWC9ORF81bcropped,6,17.72
filtered_1643715125135_000000_20220201FNWC9ORF81bcropped,7,17.799999999999997
filtered_1643715125135_000000_20220201FNWC9ORF81bcropped,8,0.0
filtered_1643715125135_000000_20220201FNWC9ORF81bcropped,9,0.64
filtered_1643715240372_000000_20220201NFWC9ORF72ccropped,1,31.040000000000003
filtered_1643715240372_000000_20220201NFWC9ORF72ccropped,2,8.84
filtered_1643715240372_000000_20220201NFWC9ORF72ccropped,3,0.48000000000000004
filtered_1643715240372_000000_20220201NFWC9ORF72ccropped,4,0.52
filtered_1643715240372_000000_20220201NFWC9ORF72ccropped,5,0.0
filtered_1643715240372_000000_20220201NFWC9ORF72ccropped,6,0.0
filtered_1643715240372_000000_20220201NFWC9ORF72ccropped,7,17.240000000000002
filtered_1643715240372_000000_20220201NFWC9ORF72ccropped,8,0.0
filtered_1643715240372_000000_20220201NFWC9ORF72ccropped,9,0.0
filtered_1643715268189_000000_20220201NFWC9ORF72eshortcropped,1,20.24
filtered_1643715268189_000000_20220201NFWC9ORF72eshortcropped,2,4.6
filtered_1643715268189_000000_20220201NFWC9ORF72eshortcropped,3,15.6
filtered_1643715268189_000000_20220201NFWC9ORF72eshortcropped,4,60.919999999999995
filtered_1643715268189_000000_20220201NFWC9ORF72eshortcropped,5,4.800000000000001
filtered_1643715268189_000000_20220201NFWC9ORF72eshortcropped,6,1.48
filtered_1643715268189_000000_20220201NFWC9ORF72eshortcropped,7,19.4
filtered_1643715268189_000000_20220201NFWC9ORF72eshortcropped,8,3.0
filtered_1643715268189_000000_20220201NFWC9ORF72eshortcropped,9,0.0
filtered_1643715291621_000000_20220201NFWC9ORF72gcropped,1,18.36
filtered_1643715291621_000000_20220201NFWC9ORF72gcropped,2,39.64
filtered_1643715291621_000000_20220201NFWC9ORF72gcropped,3,9.32
filtered_1643715291621_000000_20220201NFWC9ORF72gcropped,4,13.48
filtered_1643715291621_000000_20220201NFWC9ORF72gcropped,5,14.36
filtered_1643715291621_000000_20220201NFWC9ORF72gcropped,6,12.32
filtered_1643715291621_000000_20220201NFWC9ORF72gcropped,7,12.919999999999998
filtered_1643715291621_000000_20220201NFWC9ORF72gcropped,8,5.96
filtered_1643715291621_000000_20220201NFWC9ORF72gcropped,9,5.84
filtered_1643794722468_000000_20220202WFNC9ORF71dcropped,1,8.8
filtered_1643794722468_000000_20220202WFNC9ORF71dcropped,2,0.0
filtered_1643794722468_000000_20220202WFNC9ORF71dcropped,3,0.0
filtered_1643794722468_000000_20220202WFNC9ORF71dcropped,4,37.92
filtered_1643794722468_000000_20220202WFNC9ORF71dcropped,5,0.0
filtered_1643794722468_000000_20220202WFNC9ORF71dcropped,6,17.36
filtered_1643794722468_000000_20220202WFNC9ORF71dcropped,7,0.0
filtered_1643794722468_000000_20220202WFNC9ORF71dcropped,8,12.36
filtered_1643794722468_000000_20220202WFNC9ORF71dcropped,9,12.76
filtered_1643794787463_000000_20220202WFNC9ORF42acropped,1,9.84
filtered_1643794787463_000000_20220202WFNC9ORF42acropped,2,2.7600000000000002
filtered_1643794787463_000000_20220202WFNC9ORF42acropped,3,1.96
filtered_1643794787463_000000_20220202WFNC9ORF42acropped,4,17.4
filtered_1643794787463_000000_20220202WFNC9ORF42acropped,5,12.719999999999999
filtered_1643794787463_000000_20220202WFNC9ORF42acropped,6,3.8400000000000003
filtered_1643794787463_000000_20220202WFNC9ORF42acropped,7,37.800000000000004
filtered_1643794787463_000000_20220202WFNC9ORF42acropped,8,21.439999999999998
filtered_1643794787463_000000_20220202WFNC9ORF42acropped,9,7.4399999999999995
filtered_1643794843840_000000_20220202WFNC9ORF62ccropped,1,11.04
filtered_1643794843840_000000_20220202WFNC9ORF62ccropped,2,20.2
filtered_1643794843840_000000_20220202WFNC9ORF62ccropped,3,0.56
filtered_1643794843840_000000_20220202WFNC9ORF62ccropped,4,14.240000000000002
filtered_1643794843840_000000_20220202WFNC9ORF62ccropped,5,13.76
filtered_1643794843840_000000_20220202WFNC9ORF62ccropped,6,0.0
filtered_1643794843840_000000_20220202WFNC9ORF62ccropped,7,25.759999999999998
filtered_1643794843840_000000_20220202WFNC9ORF62ccropped,8,17.400000000000002
filtered_1643794843840_000000_20220202WFNC9ORF62ccropped,9,5.92
filtered_1643797213673_000000_20220202NWFC9ORF61fcropped,1,34.760000000000005
filtered_1643797213673_000000_20220202NWFC9ORF61fcropped,2,6.040000000000001
filtered_1643797213673_000000_20220202NWFC9ORF61fcropped,3,5.4
filtered_1643797213673_000000_20220202NWFC9ORF61fcropped,4,8.84
filtered_1643797213673_000000_20220202NWFC9ORF61fcropped,5,2.08
filtered_1643797213673_000000_20220202NWFC9ORF61fcropped,6,0.0
filtered_1643797213673_000000_20220202NWFC9ORF61fcropped,7,24.56
filtered_1643797213673_000000_20220202NWFC9ORF61fcropped,8,2.2
filtered_1643797213673_000000_20220202NWFC9ORF61fcropped,9,0.0
filtered_1643797340651_000000_20220202NWFC9ORF72hcropped,1,25.040000000000003
filtered_1643797340651_000000_20220202NWFC9ORF72hcropped,2,7.5600000000000005
filtered_1643797340651_000000_20220202NWFC9ORF72hcropped,3,2.72
filtered_1643797340651_000000_20220202NWFC9ORF72hcropped,4,6.6000000000000005
filtered_1643797340651_000000_20220202NWFC9ORF72hcropped,5,0.24
filtered_1643797340651_000000_20220202NWFC9ORF72hcropped,6,1.6800000000000002
filtered_1643797340651_000000_20220202NWFC9ORF72hcropped,7,35.36
filtered_1643797340651_000000_20220202NWFC9ORF72hcropped,8,11.96
filtered_1643797340651_000000_20220202NWFC9ORF72hcropped,9,14.52
filtered_1643797455410_000000_20220202NFWC9ORF61acropped,1,23.759999999999998
filtered_1643797455410_000000_20220202NFWC9ORF61acropped,2,9.52
filtered_1643797455410_000000_20220202NFWC9ORF61acropped,3,8.44
filtered_1643797455410_000000_20220202NFWC9ORF61acropped,4,16.92
filtered_1643797455410_000000_20220202NFWC9ORF61acropped,5,0.0
filtered_1643797455410_000000_20220202NFWC9ORF61acropped,6,5.52
filtered_1643797455410_000000_20220202NFWC9ORF61acropped,7,7.199999999999999
filtered_1643797455410_000000_20220202NFWC9ORF61acropped,8,4.76
filtered_1643797455410_000000_20220202NFWC9ORF61acropped,9,1.92
filtered_1643797482579_000000_20220202NFWC9ORF62acropped,1,26.64
filtered_1643797482579_000000_20220202NFWC9ORF62acropped,2,11.6
filtered_1643797482579_000000_20220202NFWC9ORF62acropped,3,11.44
filtered_1643797482579_000000_20220202NFWC9ORF62acropped,4,10.32
filtered_1643797482579_000000_20220202NFWC9ORF62acropped,5,9.68
filtered_1643797482579_000000_20220202NFWC9ORF62acropped,6,5.680000000000001
filtered_1643797482579_000000_20220202NFWC9ORF62acropped,7,10.28
filtered_1643797482579_000000_20220202NFWC9ORF62acropped,8,9.32
filtered_1643797482579_000000_20220202NFWC9ORF62acropped,9,5.0
filtered_1645002557994_000000_20220216NWFTDP4312bcropped,1,36.760000000000005
filtered_1645002557994_000000_20220216NWFTDP4312bcropped,2,44.199999999999996
filtered_1645002557994_000000_20220216NWFTDP4312bcropped,3,32.92
filtered_1645002557994_000000_20220216NWFTDP4312bcropped,4,35.879999999999995
filtered_1645002557994_000000_20220216NWFTDP4312bcropped,5,28.0
filtered_1645002557994_000000_20220216NWFTDP4312bcropped,6,6.279999999999999
filtered_1645002557994_000000_20220216NWFTDP4312bcropped,7,57.239999999999995
filtered_1645002557994_000000_20220216NWFTDP4312bcropped,8,29.68
filtered_1645002557994_000000_20220216NWFTDP4312bcropped,9,27.92
filtered_1645002629680_000000_20220216NWFTDP4323ccropped,1,43.64
filtered_1645002629680_000000_20220216NWFTDP4323ccropped,2,33.96
filtered_1645002629680_000000_20220216NWFTDP4323ccropped,3,7.16
filtered_1645002629680_000000_20220216NWFTDP4323ccropped,4,12.24
filtered_1645002629680_000000_20220216NWFTDP4323ccropped,5,6.5600000000000005
filtered_1645002629680_000000_20220216NWFTDP4323ccropped,6,10.12
filtered_1645002629680_000000_20220216NWFTDP4323ccropped,7,38.72
filtered_1645002629680_000000_20220216NWFTDP4323ccropped,8,19.76
filtered_1645002629680_000000_20220216NWFTDP4323ccropped,9,10.280000000000001
filtered_1645002664740_000000_20220216NWFTDP4342ecropped,1,18.36
filtered_1645002664740_000000_20220216NWFTDP4342ecropped,2,22.12
filtered_1645002664740_000000_20220216NWFTDP4342ecropped,3,7.84
filtered_1645002664740_000000_20220216NWFTDP4342ecropped,4,31.6
filtered_1645002664740_000000_20220216NWFTDP4342ecropped,5,8.0
filtered_1645002664740_000000_20220216NWFTDP4342ecropped,6,4.720000000000001
filtered_1645002664740_000000_20220216NWFTDP4342ecropped,7,30.319999999999997
filtered_1645002664740_000000_20220216NWFTDP4342ecropped,8,19.68
filtered_1645002664740_000000_20220216NWFTDP4342ecropped,9,10.72
filtered_1645002721824_000000_20220216NFWTDP4312ecropped,1,16.240000000000002
filtered_1645002721824_000000_20220216NFWTDP4312ecropped,2,18.48
filtered_1645002721824_000000_20220216NFWTDP4312ecropped,3,19.84
filtered_1645002721824_000000_20220216NFWTDP4312ecropped,4,23.520000000000003
filtered_1645002721824_000000_20220216NFWTDP4312ecropped,5,13.36
filtered_1645002721824_000000_20220216NFWTDP4312ecropped,6,35.52
filtered_1645002721824_000000_20220216NFWTDP4312ecropped,7,34.08
filtered_1645002721824_000000_20220216NFWTDP4312ecropped,8,7.800000000000001
filtered_1645002721824_000000_20220216NFWTDP4312ecropped,9,10.2
filtered_1645002760785_000000_20220216NFWTDP4324ccropped,1,18.88
filtered_1645002760785_000000_20220216NFWTDP4324ccropped,2,7.96
filtered_1645002760785_000000_20220216NFWTDP4324ccropped,3,23.560000000000002
filtered_1645002760785_000000_20220216NFWTDP4324ccropped,4,20.12
filtered_1645002760785_000000_20220216NFWTDP4324ccropped,5,11.6
filtered_1645002760785_000000_20220216NFWTDP4324ccropped,6,1.7200000000000002
filtered_1645002760785_000000_20220216NFWTDP4324ccropped,7,3.52
filtered_1645002760785_000000_20220216NFWTDP4324ccropped,8,9.16
filtered_1645002760785_000000_20220216NFWTDP4324ccropped,9,3.4000000000000004
filtered_1645002792388_000000_20220216NFWTDP4342bcropped,1,30.84
filtered_1645002792388_000000_20220216NFWTDP4342bcropped,2,12.920000000000002
filtered_1645002792388_000000_20220216NFWTDP4342bcropped,3,25.479999999999997
filtered_1645002792388_000000_20220216NFWTDP4342bcropped,4,20.84
filtered_1645002792388_000000_20220216NFWTDP4342bcropped,5,9.32
filtered_1645002792388_000000_20220216NFWTDP4342bcropped,6,47.760000000000005
filtered_1645002792388_000000_20220216NFWTDP4342bcropped,7,37.64
filtered_1645002792388_000000_20220216NFWTDP4342bcropped,8,9.08
filtered_1645002792388_000000_20220216NFWTDP4342bcropped,9,5.4399999999999995
filtered_1645005524338_000000_20220216FNWTDP4323bcropped,1,48.64
filtered_1645005524338_000000_20220216FNWTDP4323bcropped,2,0.0
filtered_1645005524338_000000_20220216FNWTDP4323bcropped,3,0.0
filtered_1645005524338_000000_20220216FNWTDP4323bcropped,4,0.0
filtered_1645005524338_000000_20220216FNWTDP4323bcropped,5,0.0
filtered_1645005524338_000000_20220216FNWTDP4323bcropped,6,0.96
filtered_1645005524338_000000_20220216FNWTDP4323bcropped,7,0.0
filtered_1645005524338_000000_20220216FNWTDP4323bcropped,8,0.0
filtered_1645005524338_000000_20220216FNWTDP4323bcropped,9,0.0
filtered_1645005796620_000000_120220216WFNTDP4362dcropped,1,0.0
filtered_1645005796620_000000_120220216WFNTDP4362dcropped,2,0.0
filtered_1645005796620_000000_120220216WFNTDP4362dcropped,3,0.0
filtered_1645005796620_000000_120220216WFNTDP4362dcropped,4,27.44
filtered_1645005796620_000000_120220216WFNTDP4362dcropped,5,0.32
filtered_1645005796620_000000_120220216WFNTDP4362dcropped,6,2.2800000000000002
filtered_1645005796620_000000_120220216WFNTDP4362dcropped,7,16.439999999999998
filtered_1645005796620_000000_120220216WFNTDP4362dcropped,8,7.28
filtered_1645005796620_000000_120220216WFNTDP4362dcropped,9,4.5600000000000005
filtered_1645005820655_000000_120220216WFNTDP4382ccropped,1,10.6
filtered_1645005820655_000000_120220216WFNTDP4382ccropped,2,0.0
filtered_1645005820655_000000_120220216WFNTDP4382ccropped,3,5.4399999999999995
filtered_1645005820655_000000_120220216WFNTDP4382ccropped,4,45.2
filtered_1645005820655_000000_120220216WFNTDP4382ccropped,5,0.0
filtered_1645005820655_000000_120220216WFNTDP4382ccropped,6,6.800000000000001
filtered_1645005820655_000000_120220216WFNTDP4382ccropped,7,29.680000000000003
filtered_1645005820655_000000_120220216WFNTDP4382ccropped,8,0.0
filtered_1645005820655_000000_120220216WFNTDP4382ccropped,9,0.0
filtered_1645010806237_000000_120220216FNWTDP4323gcropped,1,10.36
filtered_1645010806237_000000_120220216FNWTDP4323gcropped,2,17.32
filtered_1645010806237_000000_120220216FNWTDP4323gcropped,3,15.079999999999998
filtered_1645010806237_000000_120220216FNWTDP4323gcropped,4,21.64
filtered_1645010806237_000000_120220216FNWTDP4323gcropped,5,8.120000000000001
filtered_1645010806237_000000_120220216FNWTDP4323gcropped,6,2.04
filtered_1645010806237_000000_120220216FNWTDP4323gcropped,7,15.959999999999997
filtered_1645010806237_000000_120220216FNWTDP4323gcropped,8,0.4
filtered_1645010806237_000000_120220216FNWTDP4323gcropped,9,6.16
filtered_1645010829962_000000_120220216FNWTDP4333icropped,1,27.159999999999997
filtered_1645010829962_000000_120220216FNWTDP4333icropped,2,11.72
filtered_1645010829962_000000_120220216FNWTDP4333icropped,3,0.28
filtered_1645010829962_000000_120220216FNWTDP4333icropped,4,41.2
filtered_1645010829962_000000_120220216FNWTDP4333icropped,5,43.20000000000001
filtered_1645010829962_000000_120220216FNWTDP4333icropped,6,17.96
filtered_1645010829962_000000_120220216FNWTDP4333icropped,7,9.6
filtered_1645010829962_000000_120220216FNWTDP4333icropped,8,0.27999999999999997
filtered_1645010829962_000000_120220216FNWTDP4333icropped,9,0.27999999999999997
filtered_1645010914730_000000_120220216NWFTDP4323fcropped,1,28.880000000000003
filtered_1645010914730_000000_120220216NWFTDP4323fcropped,2,10.96
filtered_1645010914730_000000_120220216NWFTDP4323fcropped,3,11.36
filtered_1645010914730_000000_120220216NWFTDP4323fcropped,4,17.560000000000002
filtered_1645010914730_000000_120220216NWFTDP4323fcropped,5,6.119999999999999
filtered_1645010914730_000000_120220216NWFTDP4323fcropped,6,0.48000000000000004
filtered_1645010914730_000000_120220216NWFTDP4323fcropped,7,15.08
filtered_1645010914730_000000_120220216NWFTDP4323fcropped,8,0.0
filtered_1645010914730_000000_120220216NWFTDP4323fcropped,9,0.0
filtered_1645010941753_000000_120220216NWFTDP4333hcropped,1,29.0
filtered_1645010941753_000000_120220216NWFTDP4333hcropped,2,25.88
filtered_1645010941753_000000_120220216NWFTDP4333hcropped,3,1.96
filtered_1645010941753_000000_120220216NWFTDP4333hcropped,4,7.08
filtered_1645010941753_000000_120220216NWFTDP4333hcropped,5,0.32
filtered_1645010941753_000000_120220216NWFTDP4333hcropped,6,0.0
filtered_1645010941753_000000_120220216NWFTDP4333hcropped,7,0.0
filtered_1645010941753_000000_120220216NWFTDP4333hcropped,8,0.0
filtered_1645010941753_000000_120220216NWFTDP4333hcropped,9,0.0
filtered_1645010974796_000000_120220216NWFTDP4351gcropped,1,35.92
filtered_1645010974796_000000_120220216NWFTDP4351gcropped,2,17.44
filtered_1645010974796_000000_120220216NWFTDP4351gcropped,3,3.84
filtered_1645010974796_000000_120220216NWFTDP4351gcropped,4,18.28
filtered_1645010974796_000000_120220216NWFTDP4351gcropped,5,0.0
filtered_1645010974796_000000_120220216NWFTDP4351gcropped,6,0.0
filtered_1645010974796_000000_120220216NWFTDP4351gcropped,7,21.520000000000003
filtered_1645010974796_000000_120220216NWFTDP4351gcropped,8,3.6799999999999997
filtered_1645010974796_000000_120220216NWFTDP4351gcropped,9,0.0
filtered_1645013391217_000000_120220216NWFTDP4371ecropped,1,44.08
filtered_1645013391217_000000_120220216NWFTDP4371ecropped,2,81.08
filtered_1645013391217_000000_120220216NWFTDP4371ecropped,3,71.12
filtered_1645013391217_000000_120220216NWFTDP4371ecropped,4,36.8
filtered_1645013391217_000000_120220216NWFTDP4371ecropped,5,34.72
filtered_1645013391217_000000_120220216NWFTDP4371ecropped,6,5.08
filtered_1645013391217_000000_120220216NWFTDP4371ecropped,7,72.24000000000001
filtered_1645013391217_000000_120220216NWFTDP4371ecropped,8,49.16
filtered_1645013391217_000000_120220216NWFTDP4371ecropped,9,7.5200000000000005
filtered_1645092945395_000000_20220217NFWTDP4333mcropped,1,12.24
filtered_1645092945395_000000_20220217NFWTDP4333mcropped,2,4.84
filtered_1645092945395_000000_20220217NFWTDP4333mcropped,3,12.76
filtered_1645092945395_000000_20220217NFWTDP4333mcropped,4,13.56
filtered_1645092945395_000000_20220217NFWTDP4333mcropped,5,10.760000000000002
filtered_1645092945395_000000_20220217NFWTDP4333mcropped,6,9.28
filtered_1645092945395_000000_20220217NFWTDP4333mcropped,7,31.560000000000002
filtered_1645092945395_000000_20220217NFWTDP4333mcropped,8,28.799999999999997
filtered_1645092945395_000000_20220217NFWTDP4333mcropped,9,32.16
filtered_1645092997309_000000_20220217NFWTDP4392fcropped,1,2.52
filtered_1645092997309_000000_20220217NFWTDP4392fcropped,2,13.84
filtered_1645092997309_000000_20220217NFWTDP4392fcropped,3,12.84
filtered_1645092997309_000000_20220217NFWTDP4392fcropped,4,1.9200000000000002
filtered_1645092997309_000000_20220217NFWTDP4392fcropped,5,4.5200000000000005
filtered_1645092997309_000000_20220217NFWTDP4392fcropped,6,4.52
filtered_1645092997309_000000_20220217NFWTDP4392fcropped,7,18.24
filtered_1645092997309_000000_20220217NFWTDP4392fcropped,8,4.68
filtered_1645092997309_000000_20220217NFWTDP4392fcropped,9,5.5600000000000005
filtered_1645095153167_000000_20220217WFNTDP4333ncropped,1,10.600000000000001
filtered_1645095153167_000000_20220217WFNTDP4333ncropped,2,15.319999999999999
filtered_1645095153167_000000_20220217WFNTDP4333ncropped,3,0.2
filtered_1645095153167_000000_20220217WFNTDP4333ncropped,4,42.36
filtered_1645095153167_000000_20220217WFNTDP4333ncropped,5,14.16
filtered_1645095153167_000000_20220217WFNTDP4333ncropped,6,7.0
filtered_1645095153167_000000_20220217WFNTDP4333ncropped,7,6.159999999999999
filtered_1645095153167_000000_20220217WFNTDP4333ncropped,8,1.9600000000000002
filtered_1645095153167_000000_20220217WFNTDP4333ncropped,9,5.48
filtered_1645095205581_000000_20220217WFNTDP4392ccropped,1,11.08
filtered_1645095205581_000000_20220217WFNTDP4392ccropped,2,1.96
filtered_1645095205581_000000_20220217WFNTDP4392ccropped,3,3.3600000000000003
filtered_1645095205581_000000_20220217WFNTDP4392ccropped,4,14.64
filtered_1645095205581_000000_20220217WFNTDP4392ccropped,5,0.0
filtered_1645095205581_000000_20220217WFNTDP4392ccropped,6,9.4
filtered_1645095205581_000000_20220217WFNTDP4392ccropped,7,3.96
filtered_1645095205581_000000_20220217WFNTDP4392ccropped,8,0.0
filtered_1645095205581_000000_20220217WFNTDP4392ccropped,9,0.0
filtered_1671611841850_000000_20221221NWFC9ORF31ccropped,1,30.6
filtered_1671611841850_000000_20221221NWFC9ORF31ccropped,2,13.84
filtered_1671611841850_000000_20221221NWFC9ORF31ccropped,3,11.479999999999999
filtered_1671611841850_000000_20221221NWFC9ORF31ccropped,4,25.840000000000003
filtered_1671611841850_000000_20221221NWFC9ORF31ccropped,5,9.24
filtered_1671611841850_000000_20221221NWFC9ORF31ccropped,6,0.0
filtered_1671611841850_000000_20221221NWFC9ORF31ccropped,7,20.439999999999998
filtered_1671611841850_000000_20221221NWFC9ORF31ccropped,8,0.8400000000000001
filtered_1671611841850_000000_20221221NWFC9ORF31ccropped,9,18.439999999999998
filtered_1671614382683_000000_20221221NFWC9ORF31dcropped,1,36.64
filtered_1671614382683_000000_20221221NFWC9ORF31dcropped,2,15.280000000000001
filtered_1671614382683_000000_20221221NFWC9ORF31dcropped,3,10.12
filtered_1671614382683_000000_20221221NFWC9ORF31dcropped,4,34.64
filtered_1671614382683_000000_20221221NFWC9ORF31dcropped,5,10.120000000000001
filtered_1671614382683_000000_20221221NFWC9ORF31dcropped,6,6.92
filtered_1671614382683_000000_20221221NFWC9ORF31dcropped,7,14.399999999999999
filtered_1671614382683_000000_20221221NFWC9ORF31dcropped,8,0.92
filtered_1671614382683_000000_20221221NFWC9ORF31dcropped,9,2.48
filtered_1671614438865_000000_20221221NFWC9ORF42acropped,1,37.599999999999994
filtered_1671614438865_000000_20221221NFWC9ORF42acropped,2,41.120000000000005
filtered_1671614438865_000000_20221221NFWC9ORF42acropped,3,14.92
filtered_1671614438865_000000_20221221NFWC9ORF42acropped,4,25.04
filtered_1671614438865_000000_20221221NFWC9ORF42acropped,5,0.0
filtered_1671614438865_000000_20221221NFWC9ORF42acropped,6,0.0
filtered_1671614438865_000000_20221221NFWC9ORF42acropped,7,19.28
filtered_1671614438865_000000_20221221NFWC9ORF42acropped,8,11.440000000000001
filtered_1671614438865_000000_20221221NFWC9ORF42acropped,9,0.0
filtered_1671614476569_000000_20221221FNWC9ORF31ccropped,1,46.84
filtered_1671614476569_000000_20221221FNWC9ORF31ccropped,2,45.879999999999995
filtered_1671614476569_000000_20221221FNWC9ORF31ccropped,3,89.32
filtered_1671614476569_000000_20221221FNWC9ORF31ccropped,4,63.879999999999995
filtered_1671614476569_000000_20221221FNWC9ORF31ccropped,5,28.28
filtered_1671614476569_000000_20221221FNWC9ORF31ccropped,6,6.48
filtered_1671614476569_000000_20221221FNWC9ORF31ccropped,7,26.6
filtered_1671614476569_000000_20221221FNWC9ORF31ccropped,8,34.96000000000001
filtered_1671614476569_000000_20221221FNWC9ORF31ccropped,9,5.64
filtered_1671614539305_000000_20221221FNWC9ORF41acropped,1,51.400000000000006
filtered_1671614539305_000000_20221221FNWC9ORF41acropped,2,35.72
filtered_1671614539305_000000_20221221FNWC9ORF41acropped,3,14.440000000000001
filtered_1671614539305_000000_20221221FNWC9ORF41acropped,4,41.52
filtered_1671614539305_000000_20221221FNWC9ORF41acropped,5,52.4
filtered_1671614539305_000000_20221221FNWC9ORF41acropped,6,9.840000000000002
filtered_1671614539305_000000_20221221FNWC9ORF41acropped,7,26.0
filtered_1671614539305_000000_20221221FNWC9ORF41acropped,8,58.31999999999999
filtered_1671614539305_000000_20221221FNWC9ORF41acropped,9,13.280000000000001
filtered_1671614575601_000000_20221221FNWC9ORF31ecropped,1,34.68000000000001
filtered_1671614575601_000000_20221221FNWC9ORF31ecropped,2,24.04
filtered_1671614575601_000000_20221221FNWC9ORF31ecropped,3,19.96
filtered_1671614575601_000000_20221221FNWC9ORF31ecropped,4,0.44
filtered_1671614575601_000000_20221221FNWC9ORF31ecropped,5,0.32
filtered_1671614575601_000000_20221221FNWC9ORF31ecropped,6,21.96
filtered_1671614575601_000000_20221221FNWC9ORF31ecropped,7,22.240000000000002
filtered_1671614575601_000000_20221221FNWC9ORF31ecropped,8,8.56
filtered_1671614575601_000000_20221221FNWC9ORF31ecropped,9,5.92
filtered_1671620561756_000000_20221221FNWC9ORF14ecropped,1,31.799999999999997
filtered_1671620561756_000000_20221221FNWC9ORF14ecropped,2,37.67999999999999
filtered_1671620561756_000000_20221221FNWC9ORF14ecropped,3,4.8
filtered_1671620561756_000000_20221221FNWC9ORF14ecropped,4,95.56
filtered_1671620561756_000000_20221221FNWC9ORF14ecropped,5,40.28
filtered_1671620561756_000000_20221221FNWC9ORF14ecropped,6,12.559999999999999
filtered_1671620561756_000000_20221221FNWC9ORF14ecropped,7,39.96
filtered_1671620561756_000000_20221221FNWC9ORF14ecropped,8,43.64
filtered_1671620561756_000000_20221221FNWC9ORF14ecropped,9,16.04
filtered_1671620630811_000000_20221221NFWC9ORF22gcropped,1,37.96
filtered_1671620630811_000000_20221221NFWC9ORF22gcropped,2,14.04
filtered_1671620630811_000000_20221221NFWC9ORF22gcropped,3,28.560000000000002
filtered_1671620630811_000000_20221221NFWC9ORF22gcropped,4,15.88
filtered_1671620630811_000000_20221221NFWC9ORF22gcropped,5,39.519999999999996
filtered_1671620630811_000000_20221221NFWC9ORF22gcropped,6,1.6
filtered_1671620630811_000000_20221221NFWC9ORF22gcropped,7,30.240000000000002
filtered_1671620630811_000000_20221221NFWC9ORF22gcropped,8,0.48
filtered_1671620630811_000000_20221221NFWC9ORF22gcropped,9,10.4
filtered_1671620657662_000000_20221221NFWC9ORF22icropped,1,24.32
filtered_1671620657662_000000_20221221NFWC9ORF22icropped,2,8.4
filtered_1671620657662_000000_20221221NFWC9ORF22icropped,3,7.56
filtered_1671620657662_000000_20221221NFWC9ORF22icropped,4,46.56
filtered_1671620657662_000000_20221221NFWC9ORF22icropped,5,8.92
filtered_1671620657662_000000_20221221NFWC9ORF22icropped,6,6.640000000000001
filtered_1671620657662_000000_20221221NFWC9ORF22icropped,7,1.24
filtered_1671620657662_000000_20221221NFWC9ORF22icropped,8,2.3200000000000003
filtered_1671620657662_000000_20221221NFWC9ORF22icropped,9,1.3599999999999999
filtered_1671623696944_000000_20221221WFNC9ORF32ecropped,1,16.439999999999998
filtered_1671623696944_000000_20221221WFNC9ORF32ecropped,2,1.4
filtered_1671623696944_000000_20221221WFNC9ORF32ecropped,3,1.52
filtered_1671623696944_000000_20221221WFNC9ORF32ecropped,4,0.0
filtered_1671623696944_000000_20221221WFNC9ORF32ecropped,5,0.0
filtered_1671623696944_000000_20221221WFNC9ORF32ecropped,6,61.160000000000004
filtered_1671623696944_000000_20221221WFNC9ORF32ecropped,7,48.52
filtered_1671623696944_000000_20221221WFNC9ORF32ecropped,8,33.16
filtered_1671623696944_000000_20221221WFNC9ORF32ecropped,9,6.880000000000001
filtered_1671623717486_000000_20221221WFNC9ORF32hcropped,1,9.96
filtered_1671623717486_000000_20221221WFNC9ORF32hcropped,2,15.999999999999998
filtered_1671623717486_000000_20221221WFNC9ORF32hcropped,3,26.52
filtered_1671623717486_000000_20221221WFNC9ORF32hcropped,4,0.4
filtered_1671623717486_000000_20221221WFNC9ORF32hcropped,5,51.04
filtered_1671623717486_000000_20221221WFNC9ORF32hcropped,6,12.0
filtered_1671623717486_000000_20221221WFNC9ORF32hcropped,7,10.280000000000001
filtered_1671623717486_000000_20221221WFNC9ORF32hcropped,8,56.60000000000001
filtered_1671623717486_000000_20221221WFNC9ORF32hcropped,9,7.119999999999999
filtered_1671623738374_000000_20221221WFNC9ORF41ccropped,1,9.04
filtered_1671623738374_000000_20221221WFNC9ORF41ccropped,2,0.0
filtered_1671623738374_000000_20221221WFNC9ORF41ccropped,3,0.0
filtered_1671623738374_000000_20221221WFNC9ORF41ccropped,4,14.84
filtered_1671623738374_000000_20221221WFNC9ORF41ccropped,5,11.56
filtered_1671623738374_000000_20221221WFNC9ORF41ccropped,6,0.0
filtered_1671623738374_000000_20221221WFNC9ORF41ccropped,7,2.96
filtered_1671623738374_000000_20221221WFNC9ORF41ccropped,8,2.8400000000000003
filtered_1671623738374_000000_20221221WFNC9ORF41ccropped,9,0.0
filtered_1671623779451_000000_20221221FNWC9ORF32dcropped,1,50.16
filtered_1671623779451_000000_20221221FNWC9ORF32dcropped,2,61.2
filtered_1671623779451_000000_20221221FNWC9ORF32dcropped,3,39.92
filtered_1671623779451_000000_20221221FNWC9ORF32dcropped,4,54.68
filtered_1671623779451_000000_20221221FNWC9ORF32dcropped,5,65.0
filtered_1671623779451_000000_20221221FNWC9ORF32dcropped,6,81.4
filtered_1671623779451_000000_20221221FNWC9ORF32dcropped,7,42.72
filtered_1671623779451_000000_20221221FNWC9ORF32dcropped,8,67.68
filtered_1671623779451_000000_20221221FNWC9ORF32dcropped,9,24.759999999999998
filtered_1671623805350_000000_20221221WFNC9ORF51ccropped,1,38.84
filtered_1671623805350_000000_20221221WFNC9ORF51ccropped,2,50.96
filtered_1671623805350_000000_20221221WFNC9ORF51ccropped,3,56.48
filtered_1671623805350_000000_20221221WFNC9ORF51ccropped,4,51.64
filtered_1671623805350_000000_20221221WFNC9ORF51ccropped,5,37.16
filtered_1671623805350_000000_20221221WFNC9ORF51ccropped,6,16.28
filtered_1671623805350_000000_20221221WFNC9ORF51ccropped,7,48.03999999999999
filtered_1671623805350_000000_20221221WFNC9ORF51ccropped,8,71.2
filtered_1671623805350_000000_20221221WFNC9ORF51ccropped,9,36.56
filtered_1671623827407_000000_20221221WFNC9ORF51dcropped,1,0.0
filtered_1671623827407_000000_20221221WFNC9ORF51dcropped,2,0.0
filtered_1671623827407_000000_20221221WFNC9ORF51dcropped,3,24.04
filtered_1671623827407_000000_20221221WFNC9ORF51dcropped,4,23.32
filtered_1671623827407_000000_20221221WFNC9ORF51dcropped,5,10.28
filtered_1671623827407_000000_20221221WFNC9ORF51dcropped,6,15.080000000000002
filtered_1671623827407_000000_20221221WFNC9ORF51dcropped,7,24.04
filtered_1671623827407_000000_20221221WFNC9ORF51dcropped,8,0.0
filtered_1671623827407_000000_20221221WFNC9ORF51dcropped,9,24.119999999999997
filtered_1671698557029_000000_20222212FNWTDP4361ashortcropped,1,8.24
filtered_1671698557029_000000_20222212FNWTDP4361ashortcropped,2,4.04
filtered_1671698557029_000000_20222212FNWTDP4361ashortcropped,3,2.2800000000000002
filtered_1671698557029_000000_20222212FNWTDP4361ashortcropped,4,4.88
filtered_1671698557029_000000_20222212FNWTDP4361ashortcropped,5,3.04
filtered_1671698557029_000000_20222212FNWTDP4361ashortcropped,6,0.0
filtered_1671698557029_000000_20222212FNWTDP4361ashortcropped,7,0.2
filtered_1671698557029_000000_20222212FNWTDP4361ashortcropped,8,3.12
filtered_1671698557029_000000_20222212FNWTDP4361ashortcropped,9,0.0
filtered_1671698589150_000000_20222212FNWTDP4391ashortcropped,1,32.8
filtered_1671698589150_000000_20222212FNWTDP4391ashortcropped,2,18.72
filtered_1671698589150_000000_20222212FNWTDP4391ashortcropped,3,5.5600000000000005
filtered_1671698589150_000000_20222212FNWTDP4391ashortcropped,4,20.6
filtered_1671698589150_000000_20222212FNWTDP4391ashortcropped,5,8.84
filtered_1671698589150_000000_20222212FNWTDP4391ashortcropped,6,7.120000000000001
filtered_1671698589150_000000_20222212FNWTDP4391ashortcropped,7,10.120000000000001
filtered_1671698589150_000000_20222212FNWTDP4391ashortcropped,8,4.28
filtered_1671698589150_000000_20222212FNWTDP4391ashortcropped,9,5.0
filtered_1671700910553_000000_20222212NFWTDP4322dcropped,1,0.0
filtered_1671700910553_000000_20222212NFWTDP4322dcropped,2,37.72
filtered_1671700910553_000000_20222212NFWTDP4322dcropped,3,9.04
filtered_1671700910553_000000_20222212NFWTDP4322dcropped,4,7.239999999999999
filtered_1671700910553_000000_20222212NFWTDP4322dcropped,5,4.48
filtered_1671700910553_000000_20222212NFWTDP4322dcropped,6,23.36
filtered_1671700910553_000000_20222212NFWTDP4322dcropped,7,16.840000000000003
filtered_1671700910553_000000_20222212NFWTDP4322dcropped,8,8.96
filtered_1671700910553_000000_20222212NFWTDP4322dcropped,9,2.64
filtered_1671700969130_000000_20222212NFWTDP4361ccropped,1,37.67999999999999
filtered_1671700969130_000000_20222212NFWTDP4361ccropped,2,6.32
filtered_1671700969130_000000_20222212NFWTDP4361ccropped,3,3.52
filtered_1671700969130_000000_20222212NFWTDP4361ccropped,4,23.92
filtered_1671700969130_000000_20222212NFWTDP4361ccropped,5,0.0
filtered_1671700969130_000000_20222212NFWTDP4361ccropped,6,11.4
filtered_1671700969130_000000_20222212NFWTDP4361ccropped,7,11.04
filtered_1671700969130_000000_20222212NFWTDP4361ccropped,8,0.9600000000000001
filtered_1671700969130_000000_20222212NFWTDP4361ccropped,9,0.0
filtered_1671701062352_000000_20222212NFWTDP4391gcropped,1,21.0
filtered_1671701062352_000000_20222212NFWTDP4391gcropped,2,3.7600000000000002
filtered_1671701062352_000000_20222212NFWTDP4391gcropped,3,1.7999999999999998
filtered_1671701062352_000000_20222212NFWTDP4391gcropped,4,7.48
filtered_1671701062352_000000_20222212NFWTDP4391gcropped,5,0.0
filtered_1671701062352_000000_20222212NFWTDP4391gcropped,6,1.2
filtered_1671701062352_000000_20222212NFWTDP4391gcropped,7,2.88
filtered_1671701062352_000000_20222212NFWTDP4391gcropped,8,0.56
filtered_1671701062352_000000_20222212NFWTDP4391gcropped,9,0.0
filtered_1671706619369_000000_20222212WFNTDP4311bcropped,1,27.32
filtered_1671706619369_000000_20222212WFNTDP4311bcropped,2,6.96
filtered_1671706619369_000000_20222212WFNTDP4311bcropped,3,5.96
filtered_1671706619369_000000_20222212WFNTDP4311bcropped,4,39.8
filtered_1671706619369_000000_20222212WFNTDP4311bcropped,5,11.16
filtered_1671706619369_000000_20222212WFNTDP4311bcropped,6,3.3600000000000003
filtered_1671706619369_000000_20222212WFNTDP4311bcropped,7,0.0
filtered_1671706619369_000000_20222212WFNTDP4311bcropped,8,0.0
filtered_1671706619369_000000_20222212WFNTDP4311bcropped,9,37.04
filtered_1671709425764_000000_20222212WFNTDP4311fcropped,1,41.68
filtered_1671709425764_000000_20222212WFNTDP4311fcropped,2,19.400000000000002
filtered_1671709425764_000000_20222212WFNTDP4311fcropped,3,42.75999999999999
filtered_1671709425764_000000_20222212WFNTDP4311fcropped,4,11.639999999999999
filtered_1671709425764_000000_20222212WFNTDP4311fcropped,5,0.8400000000000001
filtered_1671709425764_000000_20222212WFNTDP4311fcropped,6,0.76
filtered_1671709425764_000000_20222212WFNTDP4311fcropped,7,0.64
filtered_1671709425764_000000_20222212WFNTDP4311fcropped,8,0.64
filtered_1671709425764_000000_20222212WFNTDP4311fcropped,9,0.6799999999999999
filtered_1671709530848_000000_20222212NWFTDP4331ccropped,1,20.800000000000004
filtered_1671709530848_000000_20222212NWFTDP4331ccropped,2,4.880000000000001
filtered_1671709530848_000000_20222212NWFTDP4331ccropped,3,1.12
filtered_1671709530848_000000_20222212NWFTDP4331ccropped,4,2.04
filtered_1671709530848_000000_20222212NWFTDP4331ccropped,5,0.0
filtered_1671709530848_000000_20222212NWFTDP4331ccropped,6,2.48
filtered_1671709530848_000000_20222212NWFTDP4331ccropped,7,4.56
filtered_1671709530848_000000_20222212NWFTDP4331ccropped,8,2.3600000000000003
filtered_1671709530848_000000_20222212NWFTDP4331ccropped,9,0.0
filtered_1675941075620_000000_20230209NFWC9O71dcropped,1,14.72
filtered_1675941075620_000000_20230209NFWC9O71dcropped,2,3.2399999999999998
filtered_1675941075620_000000_20230209NFWC9O71dcropped,3,0.0
filtered_1675941075620_000000_20230209NFWC9O71dcropped,4,11.440000000000001
filtered_1675941075620_000000_20230209NFWC9O71dcropped,5,15.399999999999999
filtered_1675941075620_000000_20230209NFWC9O71dcropped,6,11.8
filtered_1675941075620_000000_20230209NFWC9O71dcropped,7,8.559999999999999
filtered_1675941075620_000000_20230209NFWC9O71dcropped,8,0.0
filtered_1675941075620_000000_20230209NFWC9O71dcropped,9,0.0
filtered_1675941125084_000000_20230209FNWC9O61acropped,1,10.8
filtered_1675941125084_000000_20230209FNWC9O61acropped,2,1.56
filtered_1675941125084_000000_20230209FNWC9O61acropped,3,5.4399999999999995
filtered_1675941125084_000000_20230209FNWC9O61acropped,4,17.08
filtered_1675941125084_000000_20230209FNWC9O61acropped,5,3.08
filtered_1675941125084_000000_20230209FNWC9O61acropped,6,10.32
filtered_1675941125084_000000_20230209FNWC9O61acropped,7,2.4800000000000004
filtered_1675941125084_000000_20230209FNWC9O61acropped,8,0.0
filtered_1675941125084_000000_20230209FNWC9O61acropped,9,6.0
filtered_1675943892048_000000_20230209FNWC9O62ccropped,1,28.96
filtered_1675943892048_000000_20230209FNWC9O62ccropped,2,26.04
filtered_1675943892048_000000_20230209FNWC9O62ccropped,3,9.56
filtered_1675943892048_000000_20230209FNWC9O62ccropped,4,36.84
filtered_1675943892048_000000_20230209FNWC9O62ccropped,5,0.6
filtered_1675943892048_000000_20230209FNWC9O62ccropped,6,14.0
filtered_1675943892048_000000_20230209FNWC9O62ccropped,7,24.08
filtered_1675943892048_000000_20230209FNWC9O62ccropped,8,6.68
filtered_1675943892048_000000_20230209FNWC9O62ccropped,9,1.72
filtered_1677141755316_000000_20230223NWFTDP12bcropped,1,34.6
filtered_1677141755316_000000_20230223NWFTDP12bcropped,2,20.44
filtered_1677141755316_000000_20230223NWFTDP12bcropped,3,12.840000000000002
filtered_1677141755316_000000_20230223NWFTDP12bcropped,4,16.8
filtered_1677141755316_000000_20230223NWFTDP12bcropped,5,1.96
filtered_1677141755316_000000_20230223NWFTDP12bcropped,6,0.0
filtered_1677141755316_000000_20230223NWFTDP12bcropped,7,34.120000000000005
filtered_1677141755316_000000_20230223NWFTDP12bcropped,8,17.36
filtered_1677141755316_000000_20230223NWFTDP12bcropped,9,14.4
filtered_1677142227995_000000_20230223NWFTDP23ccropped,1,38.36
filtered_1677142227995_000000_20230223NWFTDP23ccropped,2,24.28
filtered_1677142227995_000000_20230223NWFTDP23ccropped,3,27.88
filtered_1677142227995_000000_20230223NWFTDP23ccropped,4,47.36
filtered_1677142227995_000000_20230223NWFTDP23ccropped,5,15.8
filtered_1677142227995_000000_20230223NWFTDP23ccropped,6,0.0
filtered_1677142227995_000000_20230223NWFTDP23ccropped,7,20.92
filtered_1677142227995_000000_20230223NWFTDP23ccropped,8,15.32
filtered_1677142227995_000000_20230223NWFTDP23ccropped,9,3.76
filtered_1677142258232_000000_20230223NWFTDP42ecropped,1,19.040000000000003
filtered_1677142258232_000000_20230223NWFTDP42ecropped,2,24.959999999999997
filtered_1677142258232_000000_20230223NWFTDP42ecropped,3,33.72
filtered_1677142258232_000000_20230223NWFTDP42ecropped,4,33.92
filtered_1677142258232_000000_20230223NWFTDP42ecropped,5,0.0
filtered_1677142258232_000000_20230223NWFTDP42ecropped,6,0.28
filtered_1677142258232_000000_20230223NWFTDP42ecropped,7,0.0
filtered_1677142258232_000000_20230223NWFTDP42ecropped,8,8.76
filtered_1677142258232_000000_20230223NWFTDP42ecropped,9,0.0
filtered_1677142291979_000000_20230223WFNTDP12ecropped,1,16.759999999999998
filtered_1677142291979_000000_20230223WFNTDP12ecropped,2,1.76
filtered_1677142291979_000000_20230223WFNTDP12ecropped,3,7.0
filtered_1677142291979_000000_20230223WFNTDP12ecropped,4,54.480000000000004
filtered_1677142291979_000000_20230223WFNTDP12ecropped,5,4.279999999999999
filtered_1677142291979_000000_20230223WFNTDP12ecropped,6,17.64
filtered_1677142291979_000000_20230223WFNTDP12ecropped,7,39.080000000000005
filtered_1677142291979_000000_20230223WFNTDP12ecropped,8,10.760000000000002
filtered_1677142291979_000000_20230223WFNTDP12ecropped,9,7.88
filtered_1677142318225_000000_20230223WFNTDP24cshortcropped,1,6.32
filtered_1677142318225_000000_20230223WFNTDP24cshortcropped,2,1.56
filtered_1677142318225_000000_20230223WFNTDP24cshortcropped,3,2.2
filtered_1677142318225_000000_20230223WFNTDP24cshortcropped,4,32.32
filtered_1677142318225_000000_20230223WFNTDP24cshortcropped,5,6.760000000000001
filtered_1677142318225_000000_20230223WFNTDP24cshortcropped,6,0.88
filtered_1677142318225_000000_20230223WFNTDP24cshortcropped,7,31.400000000000006
filtered_1677142318225_000000_20230223WFNTDP24cshortcropped,8,11.120000000000001
filtered_1677142318225_000000_20230223WFNTDP24cshortcropped,9,4.48
filtered_1677142681455_000000_20230223WFNTDP42bcropped,1,10.719999999999999
filtered_1677142681455_000000_20230223WFNTDP42bcropped,2,10.84
filtered_1677142681455_000000_20230223WFNTDP42bcropped,3,2.64
filtered_1677142681455_000000_20230223WFNTDP42bcropped,4,45.2
filtered_1677142681455_000000_20230223WFNTDP42bcropped,5,9.2
filtered_1677142681455_000000_20230223WFNTDP42bcropped,6,5.12
filtered_1677142681455_000000_20230223WFNTDP42bcropped,7,22.64
filtered_1677142681455_000000_20230223WFNTDP42bcropped,8,23.28
filtered_1677142681455_000000_20230223WFNTDP42bcropped,9,4.0
filtered_1677150255589_000000_20230223WFNTDP82ecropped,1,16.36
filtered_1677150255589_000000_20230223WFNTDP82ecropped,2,2.6799999999999997
filtered_1677150255589_000000_20230223WFNTDP82ecropped,3,7.16
filtered_1677150255589_000000_20230223WFNTDP82ecropped,4,43.92
filtered_1677150255589_000000_20230223WFNTDP82ecropped,5,80.88
filtered_1677150255589_000000_20230223WFNTDP82ecropped,6,20.360000000000003
filtered_1677150255589_000000_20230223WFNTDP82ecropped,7,53.400000000000006
filtered_1677150255589_000000_20230223WFNTDP82ecropped,8,20.919999999999998
filtered_1677150255589_000000_20230223WFNTDP82ecropped,9,15.920000000000002
filtered_1677150284105_000000_20230223WFNTDP92fcropped,1,17.160000000000004
filtered_1677150284105_000000_20230223WFNTDP92fcropped,2,14.64
filtered_1677150284105_000000_20230223WFNTDP92fcropped,3,0.0
filtered_1677150284105_000000_20230223WFNTDP92fcropped,4,71.92
filtered_1677150284105_000000_20230223WFNTDP92fcropped,5,51.64
filtered_1677150284105_000000_20230223WFNTDP92fcropped,6,1.4000000000000001
filtered_1677150284105_000000_20230223WFNTDP92fcropped,7,40.120000000000005
filtered_1677150284105_000000_20230223WFNTDP92fcropped,8,8.28
filtered_1677150284105_000000_20230223WFNTDP92fcropped,9,36.879999999999995
filtered_1677150333334_000000_20230223FNWTDP33icropped,1,34.36
filtered_1677150333334_000000_20230223FNWTDP33icropped,2,10.44
filtered_1677150333334_000000_20230223FNWTDP33icropped,3,0.0
filtered_1677150333334_000000_20230223FNWTDP33icropped,4,22.48
filtered_1677150333334_000000_20230223FNWTDP33icropped,5,8.04
filtered_1677150333334_000000_20230223FNWTDP33icropped,6,7.68
filtered_1677150333334_000000_20230223FNWTDP33icropped,7,0.0
filtered_1677150333334_000000_20230223FNWTDP33icropped,8,0.2
filtered_1677150333334_000000_20230223FNWTDP33icropped,9,0.0
filtered_1677150417591_000000_20230223FNWTDP63fcropped,1,46.08
filtered_1677150417591_000000_20230223FNWTDP63fcropped,2,30.04
filtered_1677150417591_000000_20230223FNWTDP63fcropped,3,13.64
filtered_1677150417591_000000_20230223FNWTDP63fcropped,4,48.959999999999994
filtered_1677150417591_000000_20230223FNWTDP63fcropped,5,65.4
filtered_1677150417591_000000_20230223FNWTDP63fcropped,6,24.32
filtered_1677150417591_000000_20230223FNWTDP63fcropped,7,22.4
filtered_1677150417591_000000_20230223FNWTDP63fcropped,8,7.32
filtered_1677150417591_000000_20230223FNWTDP63fcropped,9,1.8
filtered_1677152542625_000000_20230223NFWTDP33kcropped,1,22.32
filtered_1677152542625_000000_20230223NFWTDP33kcropped,2,18.48
filtered_1677152542625_000000_20230223NFWTDP33kcropped,3,9.92
filtered_1677152542625_000000_20230223NFWTDP33kcropped,4,32.72
filtered_1677152542625_000000_20230223NFWTDP33kcropped,5,5.04
filtered_1677152542625_000000_20230223NFWTDP33kcropped,6,0.0
filtered_1677152542625_000000_20230223NFWTDP33kcropped,7,6.960000000000001
filtered_1677152542625_000000_20230223NFWTDP33kcropped,8,0.0
filtered_1677152542625_000000_20230223NFWTDP33kcropped,9,0.0
filtered_1677152566807_000000_20230223NFWTDP51jcropped,1,28.48
filtered_1677152566807_000000_20230223NFWTDP51jcropped,2,60.279999999999994
filtered_1677152566807_000000_20230223NFWTDP51jcropped,3,31.080000000000002
filtered_1677152566807_000000_20230223NFWTDP51jcropped,4,77.08
filtered_1677152566807_000000_20230223NFWTDP51jcropped,5,83.88
filtered_1677152566807_000000_20230223NFWTDP51jcropped,6,66.72
filtered_1677152566807_000000_20230223NFWTDP51jcropped,7,12.92
filtered_1677152566807_000000_20230223NFWTDP51jcropped,8,4.96
filtered_1677152566807_000000_20230223NFWTDP51jcropped,9,1.28
filtered_1677152640243_000000_20230223NFWTDP33ncropped,1,2.96
filtered_1677152640243_000000_20230223NFWTDP33ncropped,2,1.84
filtered_1677152640243_000000_20230223NFWTDP33ncropped,3,2.96
filtered_1677152640243_000000_20230223NFWTDP33ncropped,4,13.24
filtered_1677152640243_000000_20230223NFWTDP33ncropped,5,10.24
filtered_1677152640243_000000_20230223NFWTDP33ncropped,6,0.0
filtered_1677152640243_000000_20230223NFWTDP33ncropped,7,3.4800000000000004
filtered_1677152640243_000000_20230223NFWTDP33ncropped,8,1.08
filtered_1677152640243_000000_20230223NFWTDP33ncropped,9,0.8400000000000001
